// Generated by tools/gen_pet_font.py; do not edit manually.
// Noto Sans SC is licensed under the SIL Open Font License 1.1.
// Font: NotoSansSC-VF.ttf  Size: 16px  Depth: 2bpp
// Charset: ASCII(0x20-0x7E) + 247 characters used by main/
// Glyph data is const and stays in flash (.rodata); it does not use DRAM.
// Re-run tools/gen_pet_font.py after adding new Chinese interface text.
#include "lvgl.h"

static const uint8_t glyph_bitmap[] = {
    0x08,0x02,0x00,0x80,0x20,0x08,0x02,0x00,0x80,0x20,0x04,0x00,0x00,0x40,0x30,0x22,
    0x08,0x82,0x20,0x44,0x00,0x00,0x00,0x00,0x00,0x00,0x00,0x00,0x00,0x00,0x00,0x00,
    0x01,0x08,0x01,0x08,0x04,0x04,0x2A,0xA9,0x04,0x10,0x08,0x10,0x08,0x10,0x2E,0xB8,
    0x08,0x20,0x04,0x20,0x04,0x20,0x10,0x10,0x02,0x00,0x02,0x00,0x0A,0x90,0x10,0x00,
    0x20,0x00,0x20,0x00,0x08,0x00,0x02,0x40,0x00,0x60,0x00,0x14,0x00,0x08,0x00,0x08,
    0x10,0x04,0x0A,0x90,0x02,0x00,0x02,0x00,0x2A,0x00,0x20,0x04,0x04,0x01,0x00,0x80,
    0x80,0x80,0x08,0x08,0x10,0x00,0x80,0x81,0x19,0x05,0x14,0x45,0x10,0x15,0x04,0x80,
    0x80,0x02,0x08,0x08,0x00,0x10,0x80,0x80,0x08,0x08,0x08,0x01,0x00,0x40,0x40,0x10,
    0x02,0xA0,0x02,0x90,0x00,0x42,0x00,0x08,0x20,0x00,0x85,0x00,0x05,0x40,0x00,0xB0,
    0x00,0x21,0x00,0x84,0x08,0x10,0x80,0x12,0x08,0x01,0xC0,0x50,0x1D,0x01,0xA9,0x08,
    0x20,0x82,0x04,0x00,0x00,0x00,0x00,0x00,0x00,0x00,0x00,0x01,0x04,0x04,0x04,0x10,
    0x20,0x20,0x20,0x20,0x20,0x20,0x10,0x04,0x04,0x04,0x01,0x00,0x00,0x40,0x10,0x10,
    0x10,0x04,0x08,0x08,0x08,0x08,0x08,0x08,0x04,0x10,0x10,0x10,0x40,0x00,0x02,0x00,
    0x59,0x40,0x74,0x02,0x20,0x00,0x00,0x00,0x00,0x00,0x00,0x00,0x00,0x00,0x00,0x00,
    0x00,0x00,0x00,0x00,0x00,0x00,0x40,0x00,0x20,0x00,0x08,0x00,0x02,0x00,0x2A,0xEA,
    0x00,0x20,0x00,0x08,0x00,0x02,0x00,0x00,0x00,0x00,0x00,0x00,0x00,0x00,0x00,0x2C,
    0x08,0x14,0x10,0x2A,0x40,0x00,0x00,0x00,0x00,0x00,0x10,0xC0,0x00,0x10,0x00,0x80,
    0x01,0x00,0x10,0x00,0x80,0x01,0x00,0x10,0x00,0x80,0x01,0x00,0x20,0x00,0x80,0x05,
    0x00,0x20,0x00,0x80,0x04,0x00,0x20,0x00,0x02,0xA0,0x08,0x08,0x14,0x05,0x20,0x02,
    0x20,0x02,0x20,0x02,0x20,0x02,0x20,0x02,0x20,0x02,0x14,0x05,0x08,0x08,0x02,0xA0,
    0x06,0xC0,0x00,0x80,0x00,0x80,0x00,0x80,0x00,0x80,0x00,0x80,0x00,0x80,0x00,0x80,
    0x00,0x80,0x00,0x80,0x00,0x80,0x0A,0xE8,0x0A,0x90,0x10,0x14,0x00,0x08,0x00,0x08,
    0x00,0x08,0x00,0x14,0x00,0x20,0x00,0x40,0x00,0x40,0x02,0x00,0x08,0x00,0x3A,0xA8,
    0x0A,0xA0,0x10,0x08,0x00,0x08,0x00,0x08,0x00,0x20,0x06,0xC0,0x00,0x20,0x00,0x08,
    0x00,0x08,0x00,0x08,0x50,0x14,0x1A,0x90,0x00,0x20,0x00,0xA0,0x00,0xA0,0x02,0x20,
    0x05,0x20,0x08,0x20,0x20,0x20,0x10,0x20,0xAA,0xB9,0x00,0x20,0x00,0x20,0x00,0x20,
    0x0A,0xA8,0x08,0x00,0x08,0x00,0x04,0x00,0x0A,0xA0,0x04,0x08,0x00,0x02,0x00,0x02,
    0x00,0x02,0x00,0x02,0x20,0x08,0x0A,0xA0,0x01,0xA8,0x08,0x00,0x04,0x00,0x10,0x00,
    0x21,0x60,0x28,0x08,0x30,0x02,0x20,0x02,0x20,0x02,0x14,0x02,0x08,0x08,0x02,0xA4,
    0x2A,0xAC,0x00,0x04,0x00,0x20,0x00,0x10,0x00,0x80,0x00,0x80,0x00,0x40,0x01,0x00,
    0x02,0x00,0x02,0x00,0x02,0x00,0x02,0x00,0x0A,0x90,0x10,0x14,0x20,0x08,0x20,0x08,
    0x04,0x04,0x0A,0x10,0x10,0x60,0x40,0x14,0x80,0x08,0x80,0x08,0x50,0x14,0x1A,0x90,
    0x06,0xA0,0x14,0x08,0x20,0x05,0x20,0x02,0x20,0x02,0x08,0x0A,0x06,0x52,0x00,0x02,
    0x00,0x01,0x00,0x08,0x00,0x04,0x0A,0x90,0x30,0x40,0x00,0x00,0x00,0x04,0x30,0x30,
    0x40,0x00,0x00,0x00,0x00,0x30,0x81,0x00,0x00,0x00,0x00,0x06,0x40,0x18,0x00,0x90,
    0x00,0x18,0x00,0x00,0x64,0x00,0x00,0xA0,0x00,0x00,0x00,0x00,0x00,0x00,0x00,0x2A,
    0xA9,0x00,0x00,0x00,0x00,0x00,0x00,0x2A,0xA9,0x00,0x00,0x00,0x00,0x00,0x00,0x00,
    0x00,0x00,0x00,0x06,0x40,0x00,0x19,0x00,0x00,0x18,0x00,0x19,0x00,0x64,0x02,0x80,
    0x00,0x00,0x00,0x00,0x00,0x00,0x00,0x00,0x1A,0x80,0x40,0x80,0x02,0x00,0x08,0x00,
    0x40,0x02,0x00,0x20,0x00,0x80,0x01,0x00,0x00,0x00,0x10,0x00,0xC0,0x00,0x06,0xA4,
    0x00,0x01,0x40,0x18,0x00,0x20,0x00,0x08,0x01,0x00,0x00,0x14,0x08,0x06,0x50,0x20,
    0x40,0x80,0x80,0x82,0x05,0x02,0x02,0x08,0x20,0x04,0x08,0x20,0x80,0x50,0x50,0x81,
    0x02,0x42,0x01,0x01,0x92,0x90,0x01,0x00,0x00,0x00,0x08,0x00,0x00,0x00,0x09,0x00,
    0x40,0x00,0x02,0xA8,0x00,0x00,0x00,0xC0,0x00,0x05,0x00,0x02,0x20,0x00,0x21,0x00,
    0x01,0x04,0x00,0x80,0x80,0x08,0x04,0x01,0xEA,0xA0,0x20,0x02,0x02,0x00,0x10,0x50,
    0x00,0x48,0x00,0x08,0x0A,0xA9,0x00,0x20,0x05,0x00,0x80,0x08,0x02,0x00,0x20,0x08,
    0x02,0x40,0x2A,0xB8,0x00,0x80,0x08,0x02,0x00,0x08,0x08,0x00,0x20,0x20,0x00,0x80,
    0x80,0x08,0x02,0xAA,0x80,0x00,0xAA,0x00,0x60,0x04,0x08,0x00,0x01,0x00,0x00,0x20,
    0x00,0x02,0x00,0x00,0x20,0x00,0x02,0x00,0x00,0x10,0x00,0x00,0x80,0x00,0x06,0x00,
    0x80,0x0A,0xA0,0x0A,0xA9,0x00,0x20,0x05,0x00,0x80,0x08,0x02,0x00,0x04,0x08,0x00,
    0x20,0x20,0x00,0x80,0x80,0x02,0x02,0x00,0x08,0x08,0x00,0x10,0x20,0x02,0x00,0x80,
    0x14,0x02,0xAA,0x40,0x0A,0xAA,0x02,0x00,0x00,0x80,0x00,0x20,0x00,0x08,0x00,0x02,
    0xAA,0x40,0x80,0x00,0x20,0x00,0x08,0x00,0x02,0x00,0x00,0x80,0x00,0x2A,0xA9,0x0A,
    0xAA,0x02,0x00,0x00,0x80,0x00,0x20,0x00,0x08,0x00,0x02,0xAA,0x40,0x80,0x00,0x20,
    0x00,0x08,0x00,0x02,0x00,0x00,0x80,0x00,0x20,0x00,0x00,0xAA,0x40,0x18,0x00,0x40,
    0x80,0x00,0x04,0x00,0x00,0x20,0x00,0x00,0x80,0x00,0x02,0x00,0x6A,0x08,0x00,0x08,
    0x14,0x00,0x20,0x20,0x00,0x80,0x60,0x02,0x00,0x2A,0xA0,0x08,0x00,0x20,0x08,0x00,
    0x20,0x08,0x00,0x20,0x08,0x00,0x20,0x08,0x00,0x20,0x0A,0xAA,0xA0,0x08,0x00,0x20,
    0x08,0x00,0x20,0x08,0x00,0x20,0x08,0x00,0x20,0x08,0x00,0x20,0x08,0x00,0x20,0x08,
    0x02,0x00,0x80,0x20,0x08,0x02,0x00,0x80,0x20,0x08,0x02,0x00,0x80,0x20,0x00,0x08,
    0x00,0x02,0x00,0x00,0x80,0x00,0x20,0x00,0x08,0x00,0x02,0x00,0x00,0x80,0x00,0x20,
    0x00,0x08,0x00,0x02,0x01,0x01,0x40,0x2A,0x80,0x08,0x00,0x80,0x80,0x20,0x08,0x05,
    0x00,0x81,0x40,0x08,0x30,0x00,0x89,0x40,0x0A,0x08,0x00,0x80,0x50,0x08,0x02,0x00,
    0x80,0x08,0x08,0x00,0x80,0x80,0x02,0x08,0x00,0x02,0x00,0x00,0x80,0x00,0x20,0x00,
    0x08,0x00,0x02,0x00,0x00,0x80,0x00,0x20,0x00,0x08,0x00,0x02,0x00,0x00,0x80,0x00,
    0x2A,0xA8,0x09,0x00,0x18,0x02,0x80,0x0A,0x00,0xA0,0x01,0x80,0x25,0x01,0x20,0x08,
    0x80,0x88,0x02,0x20,0x12,0x00,0x81,0x10,0x80,0x20,0x88,0x20,0x08,0x21,0x08,0x02,
    0x02,0x02,0x00,0x80,0x80,0x80,0x20,0x00,0x20,0x08,0x00,0x20,0x0A,0x00,0x20,0x09,
    0x40,0x20,0x08,0x80,0x20,0x08,0x10,0x20,0x08,0x20,0x20,0x08,0x08,0x20,0x08,0x04,
    0x20,0x08,0x02,0x20,0x08,0x01,0x60,0x08,0x00,0xA0,0x08,0x00,0x20,0x00,0xAA,0x00,
    0x06,0x00,0x90,0x08,0x00,0x20,0x10,0x00,0x04,0x20,0x00,0x08,0x20,0x00,0x08,0x20,
    0x00,0x08,0x20,0x00,0x08,0x10,0x00,0x04,0x08,0x00,0x20,0x06,0x00,0x90,0x00,0xAA,
    0x00,0x0A,0xA9,0x00,0x80,0x14,0x08,0x00,0x80,0x80,0x08,0x08,0x00,0x80,0x80,0x20,
    0x0A,0xA8,0x00,0x80,0x00,0x08,0x00,0x00,0x80,0x00,0x08,0x00,0x00,0x80,0x00,0x00,
    0xAA,0x00,0x06,0x00,0x90,0x08,0x00,0x20,0x10,0x00,0x04,0x20,0x00,0x08,0x20,0x00,
    0x08,0x20,0x00,0x08,0x20,0x00,0x08,0x10,0x00,0x04,0x08,0x00,0x20,0x06,0x00,0x90,
    0x00,0xAA,0x00,0x00,0x08,0x00,0x00,0x05,0x00,0x00,0x01,0xA4,0x0A,0xA9,0x00,0x80,
    0x14,0x08,0x00,0x80,0x80,0x08,0x08,0x00,0x80,0x80,0x20,0x0A,0xB8,0x00,0x81,0x40,
    0x08,0x08,0x00,0x80,0x10,0x08,0x02,0x00,0x80,0x08,0x06,0xA4,0x05,0x01,0x02,0x00,
    0x00,0x80,0x00,0x08,0x00,0x00,0xA0,0x00,0x02,0x40,0x00,0x14,0x00,0x02,0x00,0x00,
    0x82,0x00,0x50,0x2A,0x90,0x6A,0xEA,0x40,0x20,0x00,0x08,0x00,0x02,0x00,0x00,0x80,
    0x00,0x20,0x00,0x08,0x00,0x02,0x00,0x00,0x80,0x00,0x20,0x00,0x08,0x00,0x02,0x00,
    0x08,0x00,0x20,0x08,0x00,0x20,0x08,0x00,0x20,0x08,0x00,0x20,0x08,0x00,0x20,0x08,
    0x00,0x20,0x08,0x00,0x20,0x08,0x00,0x20,0x08,0x00,0x20,0x04,0x00,0x10,0x02,0x00,
    0x80,0x00,0xAA,0x00,0x80,0x01,0x50,0x00,0x82,0x00,0x20,0x80,0x14,0x10,0x08,0x01,
    0x02,0x00,0x80,0x40,0x10,0x40,0x01,0x20,0x00,0x84,0x00,0x14,0x00,0x02,0x00,0x50,
    0x08,0x00,0x84,0x02,0x40,0x22,0x00,0x60,0x04,0x80,0x48,0x04,0x10,0x21,0x02,0x01,
    0x04,0x10,0x80,0x85,0x08,0x10,0x22,0x02,0x10,0x08,0x80,0x54,0x01,0x10,0x05,0x00,
    0x20,0x02,0x40,0x0C,0x00,0x50,0x10,0x01,0x20,0x08,0x08,0x04,0x04,0x20,0x02,0x40,
    0x01,0x80,0x01,0x80,0x01,0x10,0x08,0x20,0x14,0x08,0x20,0x04,0x40,0x02,0x20,0x01,
    0x08,0x00,0x40,0x80,0x40,0x20,0x10,0x01,0x10,0x00,0x44,0x00,0x0C,0x00,0x02,0x00,
    0x00,0x80,0x00,0x20,0x00,0x08,0x00,0x02,0x00,0x0A,0xAA,0x40,0x00,0x80,0x00,0x40,
    0x00,0x20,0x00,0x20,0x00,0x14,0x00,0x08,0x00,0x04,0x00,0x01,0x00,0x02,0x00,0x01,
    0x40,0x00,0xEA,0xA9,0x25,0x10,0x10,0x10,0x10,0x10,0x10,0x10,0x10,0x10,0x10,0x10,
    0x10,0x10,0x10,0x15,0x80,0x01,0x00,0x01,0x00,0x08,0x00,0x10,0x00,0x10,0x00,0x80,
    0x01,0x00,0x02,0x00,0x08,0x00,0x14,0x00,0x20,0x00,0x80,0x00,0x40,0x02,0x00,0x08,
    0x58,0x04,0x04,0x04,0x04,0x04,0x04,0x04,0x04,0x04,0x04,0x04,0x04,0x04,0x04,0x54,
    0x01,0x80,0x02,0x40,0x01,0x10,0x04,0x20,0x08,0x10,0x04,0x08,0x20,0x08,0x00,0x00,
    0x00,0x00,0x00,0x00,0x00,0x00,0x00,0x00,0x00,0x00,0x1A,0xAA,0x90,0x01,0x00,0x00,
    0x50,0x00,0x08,0x00,0x00,0x00,0x00,0x00,0x00,0x00,0x00,0x00,0x00,0x00,0x00,0x00,
    0x00,0x00,0x00,0x00,0x00,0x00,0x00,0x00,0x00,0x00,0x00,0x00,0x00,0x06,0xA8,0x00,
    0x00,0x40,0x00,0x20,0x00,0x58,0x06,0x42,0x05,0x00,0x82,0x00,0x20,0x80,0x18,0x0A,
    0xA2,0x00,0x10,0x00,0x08,0x00,0x02,0x00,0x00,0x80,0x00,0x20,0x00,0x08,0xA9,0x02,
    0x40,0x80,0x80,0x08,0x20,0x02,0x08,0x00,0x82,0x00,0x20,0x80,0x04,0x20,0x08,0x09,
    0xA8,0x00,0x02,0xA8,0x08,0x00,0x10,0x00,0x20,0x00,0x20,0x00,0x20,0x00,0x10,0x00,
    0x08,0x01,0x02,0xA8,0x00,0x01,0x00,0x00,0x80,0x00,0x20,0x00,0x08,0x00,0x02,0x00,
    0xA9,0x80,0x80,0x20,0x50,0x08,0x20,0x02,0x08,0x00,0x82,0x00,0x20,0x80,0x08,0x08,
    0x06,0x01,0xA8,0x80,0x02,0xA4,0x08,0x08,0x10,0x02,0x20,0x02,0x2A,0xAA,0x20,0x00,
    0x10,0x00,0x08,0x00,0x02,0xA8,0x02,0x80,0x80,0x08,0x00,0x80,0x08,0x01,0xE4,0x08,
    0x00,0x80,0x08,0x00,0x80,0x08,0x00,0x80,0x08,0x00,0x80,0x06,0xAE,0x45,0x01,0x42,
    0x00,0x20,0x80,0x08,0x04,0x09,0x00,0x99,0x00,0x80,0x00,0x20,0x00,0x06,0xA9,0x02,
    0x00,0x22,0x40,0x08,0xA0,0x05,0x0A,0xA8,0x00,0x20,0x00,0x20,0x00,0x20,0x00,0x20,
    0x00,0x22,0xA0,0x24,0x04,0x20,0x08,0x20,0x08,0x20,0x08,0x20,0x08,0x20,0x08,0x20,
    0x08,0x20,0x08,0x14,0x00,0x08,0x20,0x82,0x08,0x20,0x82,0x08,0x09,0x00,0x00,0x08,
    0x08,0x08,0x08,0x08,0x08,0x08,0x08,0x08,0x08,0x08,0x08,0x64,0x20,0x00,0x20,0x00,
    0x20,0x00,0x20,0x00,0x20,0x04,0x20,0x20,0x20,0x80,0x22,0x40,0x25,0x80,0x28,0x50,
    0x20,0x20,0x20,0x04,0x20,0x08,0x10,0x20,0x20,0x20,0x20,0x20,0x20,0x20,0x20,0x20,
    0x20,0x20,0x20,0x24,0x12,0xA0,0xA8,0x09,0x02,0x40,0x42,0x00,0x80,0x20,0x80,0x20,
    0x08,0x20,0x08,0x02,0x08,0x02,0x00,0x82,0x00,0x80,0x20,0x80,0x20,0x08,0x20,0x08,
    0x02,0x00,0x12,0xA0,0x24,0x04,0x20,0x08,0x20,0x08,0x20,0x08,0x20,0x08,0x20,0x08,
    0x20,0x08,0x20,0x08,0x02,0xA8,0x00,0x80,0x20,0x10,0x00,0x42,0x00,0x08,0x20,0x00,
    0x82,0x00,0x08,0x10,0x00,0x40,0x80,0x20,0x02,0xA8,0x00,0x22,0xA4,0x09,0x02,0x02,
    0x00,0x20,0x80,0x08,0x20,0x02,0x08,0x00,0x82,0x00,0x10,0x80,0x20,0x26,0xA0,0x08,
    0x00,0x02,0x00,0x00,0x80,0x00,0x20,0x00,0x00,0x02,0xA6,0x02,0x00,0x81,0x40,0x20,
    0x80,0x08,0x20,0x02,0x08,0x00,0x82,0x00,0x20,0x20,0x18,0x06,0xA2,0x00,0x00,0x80,
    0x00,0x20,0x00,0x08,0x00,0x02,0x00,0x22,0x82,0x40,0x20,0x02,0x00,0x20,0x02,0x00,
    0x20,0x02,0x00,0x20,0x00,0x0A,0xA0,0x80,0x02,0x00,0x06,0x00,0x01,0x90,0x00,0x50,
    0x00,0x84,0x02,0x1A,0xA0,0x04,0x00,0x80,0x08,0x02,0xE8,0x08,0x00,0x80,0x08,0x00,
    0x80,0x08,0x00,0x80,0x08,0x00,0x28,0x20,0x08,0x20,0x08,0x20,0x08,0x20,0x08,0x20,
    0x08,0x20,0x08,0x20,0x08,0x10,0x18,0x0A,0x88,0x80,0x08,0x50,0x08,0x20,0x04,0x20,
    0x20,0x04,0x20,0x08,0x10,0x04,0x80,0x01,0x80,0x02,0x40,0x40,0x24,0x05,0x10,0x28,
    0x08,0x20,0x18,0x08,0x20,0x45,0x04,0x14,0x42,0x10,0x08,0x42,0x20,0x08,0x41,0x20,
    0x05,0x00,0x50,0x02,0x00,0xC0,0x10,0x10,0x80,0x40,0x88,0x01,0x50,0x03,0x00,0x21,
    0x00,0x44,0x08,0x08,0x40,0x14,0x80,0x04,0x10,0x08,0x20,0x04,0x10,0x10,0x04,0x20,
    0x08,0x10,0x04,0x40,0x02,0x80,0x01,0x40,0x01,0x00,0x02,0x00,0x05,0x00,0x64,0x00,
    0x0A,0xAC,0x00,0x14,0x00,0x20,0x00,0x80,0x01,0x40,0x02,0x00,0x08,0x00,0x04,0x00,
    0x3A,0xA8,0x05,0x42,0x00,0x40,0x10,0x04,0x01,0x00,0x80,0x90,0x08,0x01,0x00,0x40,
    0x10,0x04,0x01,0x00,0x80,0x05,0x00,0x41,0x04,0x10,0x41,0x04,0x10,0x41,0x04,0x10,
    0x41,0x04,0x10,0x41,0x00,0x54,0x02,0x00,0x40,0x10,0x04,0x01,0x00,0x80,0x0C,0x08,
    0x01,0x00,0x40,0x10,0x04,0x01,0x00,0x40,0x40,0x09,0x00,0x11,0x81,0x00,0x24,0x00,
    0x00,0x00,0x00,0x00,0x00,0x00,0x00,0x00,0x00,0x00,0x01,0x80,0x00,0x00,0x03,0xE0,
    0x00,0x00,0x02,0xD0,0x00,0x00,0x00,0x00,0x00,0x00,0x00,0x00,0x00,0x00,0x00,0x00,
    0x00,0x00,0x00,0x00,0x00,0x00,0x00,0x00,0x00,0x2A,0xAA,0xAA,0x80,0x00,0x00,0x00,
    0x00,0x00,0x00,0x00,0x00,0x00,0x00,0x00,0x00,0x00,0x00,0x00,0x00,0x00,0x00,0x00,
    0x00,0x00,0x04,0x00,0x00,0x00,0x20,0x00,0x00,0x00,0x38,0x00,0x00,0x00,0x2C,0x00,
    0x00,0x00,0x00,0x00,0x00,0x00,0x00,0x00,0x00,0x00,0x00,0x00,0x00,0x00,0x00,0x00,
    0x00,0x00,0x00,0x00,0x00,0x00,0x00,0x00,0x00,0x00,0x00,0x00,0x00,0x00,0x00,0x00,
    0x00,0x00,0x00,0x00,0x00,0x00,0x00,0x28,0x00,0x00,0x00,0x3C,0x00,0x00,0x00,0x08,
    0x00,0x00,0x00,0x10,0x00,0x00,0x00,0x00,0x00,0x00,0x00,0x00,0x00,0x00,0x00,0x00,
    0x00,0x00,0x00,0x00,0x00,0x00,0x00,0x00,0x00,0x00,0x00,0x00,0x00,0x00,0x00,0x00,
    0x00,0x00,0x00,0x00,0x00,0x00,0x00,0x00,0x00,0x00,0x00,0x00,0x00,0x00,0x00,0x00,
    0x00,0x00,0x00,0x00,0x00,0x02,0x04,0x00,0x00,0x08,0x20,0x00,0x00,0x0E,0x38,0x00,
    0x00,0x0B,0x2C,0x00,0x00,0x00,0x00,0x00,0x00,0x00,0x00,0x00,0x00,0x00,0x00,0x00,
    0x00,0x00,0x00,0x00,0x00,0x00,0x00,0x00,0x00,0x00,0x00,0x00,0x00,0x00,0x00,0x00,
    0x00,0x00,0x00,0x00,0x00,0x00,0x00,0x00,0x00,0x00,0x00,0x28,0xA0,0x00,0x00,0x3C,
    0xF0,0x00,0x00,0x08,0x20,0x00,0x00,0x10,0x40,0x00,0x00,0x00,0x00,0x00,0x00,0x00,
    0x00,0x00,0x00,0x00,0x00,0x00,0x00,0x00,0x00,0x00,0x00,0x00,0x00,0x00,0x00,0x00,
    0x00,0x00,0x00,0x00,0x00,0x00,0x00,0x00,0x00,0x00,0x00,0x00,0x00,0x00,0x00,0x00,
    0x00,0x00,0x00,0x04,0x00,0x40,0x20,0x0D,0x01,0xC0,0x30,0x00,0x00,0x00,0x00,0x00,
    0x00,0x00,0x00,0x00,0x00,0x00,0x00,0x00,0x00,0x00,0x00,0x00,0x00,0x00,0x00,0x00,
    0x00,0x00,0x00,0x00,0x00,0x00,0x00,0x00,0x80,0x00,0x00,0x02,0x00,0x00,0x00,0x08,
    0x00,0x00,0x00,0x3F,0xFF,0xFF,0xFD,0x18,0x00,0x00,0x00,0x02,0x00,0x00,0x00,0x00,
    0x80,0x00,0x00,0x00,0x00,0x00,0x00,0x00,0x00,0x00,0x00,0x00,0x00,0x00,0x00,0x00,
    0x00,0x40,0x00,0x00,0x02,0xD0,0x00,0x00,0x05,0xD0,0x00,0x00,0x14,0xC9,0x00,0x00,
    0x10,0xC1,0x00,0x00,0x00,0xC0,0x00,0x00,0x00,0xC0,0x00,0x00,0x00,0xC0,0x00,0x00,
    0x00,0xC0,0x00,0x00,0x00,0xC0,0x00,0x00,0x00,0xC0,0x00,0x00,0x00,0xC0,0x00,0x00,
    0x00,0xC0,0x00,0x00,0x00,0xC0,0x00,0x00,0x00,0xC0,0x00,0x00,0x00,0x00,0x00,0x00,
    0x00,0x02,0x00,0x00,0x00,0x00,0x80,0x00,0x00,0x00,0x20,0x7F,0xFF,0xFF,0xFC,0x00,
    0x00,0x00,0x24,0x00,0x00,0x00,0x80,0x00,0x00,0x02,0x00,0x00,0x00,0x00,0x00,0x00,
    0x00,0x00,0x00,0x00,0x00,0x00,0x00,0x00,0x00,0x40,0x00,0x00,0x00,0xC0,0x00,0x00,
    0x00,0xC0,0x00,0x00,0x00,0xC0,0x00,0x00,0x00,0xC0,0x00,0x00,0x00,0xC0,0x00,0x00,
    0x00,0xC0,0x00,0x00,0x00,0xC0,0x00,0x00,0x00,0xC0,0x00,0x00,0x00,0xC0,0x00,0x00,
    0x00,0xC0,0x00,0x00,0x20,0xC2,0x00,0x00,0x08,0xC8,0x00,0x00,0x02,0xE0,0x00,0x00,
    0x01,0xC0,0x00,0x00,0x00,0x00,0x00,0x00,0x00,0x00,0x00,0x14,0x00,0x00,0x00,0x05,
    0x00,0x00,0x00,0x01,0x40,0x00,0x00,0x00,0x40,0x00,0x00,0x0B,0x80,0x00,0x00,0x20,
    0x60,0x00,0x00,0x30,0x30,0x00,0x00,0x20,0x60,0x00,0x00,0x0B,0x80,0x00,0x00,0x00,
    0x00,0x00,0x00,0x00,0x00,0x00,0x44,0x00,0x00,0x01,0x04,0x00,0x00,0x01,0x10,0x00,
    0x00,0x04,0x00,0x00,0x00,0x04,0x40,0x00,0x00,0x11,0x00,0x00,0x00,0x11,0x00,0x00,
    0x00,0x11,0x00,0x00,0x00,0x10,0x40,0x00,0x00,0x04,0x40,0x00,0x00,0x04,0x10,0x00,
    0x00,0x01,0x10,0x00,0x00,0x01,0x04,0x00,0x00,0x00,0x44,0x00,0x00,0x00,0x00,0x00,
    0x00,0x00,0x00,0x11,0x00,0x00,0x00,0x10,0x40,0x00,0x00,0x04,0x40,0x00,0x00,0x04,
    0x10,0x00,0x00,0x01,0x10,0x00,0x00,0x00,0x44,0x00,0x00,0x00,0x44,0x00,0x00,0x00,
    0x44,0x00,0x00,0x01,0x04,0x00,0x00,0x01,0x10,0x00,0x00,0x04,0x10,0x00,0x00,0x04,
    0x40,0x00,0x00,0x10,0x40,0x00,0x00,0x11,0x00,0x00,0x00,0x00,0x00,0x00,0x00,0x00,
    0x00,0x02,0xA8,0x00,0x00,0x07,0xF4,0x00,0x00,0x07,0xE0,0x00,0x00,0x07,0xC0,0x00,
    0x00,0x07,0x80,0x00,0x00,0x07,0x40,0x00,0x00,0x07,0x40,0x00,0x00,0x07,0x00,0x00,
    0x00,0x07,0x00,0x00,0x00,0x07,0x40,0x00,0x00,0x07,0x80,0x00,0x00,0x07,0xC0,0x00,
    0x00,0x07,0xD0,0x00,0x00,0x07,0xF0,0x00,0x00,0x07,0xFC,0x00,0x00,0x00,0x00,0x2A,
    0x80,0x00,0x00,0x1F,0xD0,0x00,0x00,0x0B,0xD0,0x00,0x00,0x03,0xD0,0x00,0x00,0x02,
    0xD0,0x00,0x00,0x01,0xD0,0x00,0x00,0x01,0xD0,0x00,0x00,0x00,0xD0,0x00,0x00,0x01,
    0xD0,0x00,0x00,0x01,0xD0,0x00,0x00,0x02,0xD0,0x00,0x00,0x03,0xD0,0x00,0x00,0x07,
    0xD0,0x00,0x00,0x0F,0xD0,0x00,0x00,0x3F,0xD0,0x00,0x00,0x3F,0xFF,0xFF,0xFC,0x00,
    0x00,0x00,0x00,0x00,0x00,0x00,0x00,0x00,0x00,0x00,0x00,0x00,0x00,0x00,0x00,0x00,
    0x00,0x00,0x00,0x00,0x00,0x00,0x00,0x00,0x00,0x00,0x00,0x00,0x03,0x00,0x00,0x00,
    0x03,0x00,0x00,0x00,0x03,0x00,0x00,0x00,0x03,0x00,0x00,0x00,0x03,0x00,0x00,0x00,
    0x03,0xFF,0xF0,0x00,0x03,0x00,0x00,0x00,0x03,0x00,0x00,0x00,0x03,0x00,0x00,0x00,
    0x03,0x00,0x00,0x00,0x03,0x00,0x00,0x00,0x03,0x00,0x00,0x00,0x03,0x00,0x00,0x7F,
    0xFF,0xFF,0xFD,0x00,0x00,0x00,0x00,0x00,0x00,0x00,0x00,0x3F,0xFF,0xFF,0xFC,0x00,
    0x03,0x00,0x00,0x00,0x03,0x00,0x00,0x00,0x03,0x00,0x00,0x00,0x03,0x50,0x00,0x00,
    0x03,0x05,0x00,0x00,0x03,0x00,0x50,0x00,0x03,0x00,0x00,0x00,0x03,0x00,0x00,0x00,
    0x03,0x00,0x00,0x00,0x03,0x00,0x00,0x00,0x03,0x00,0x00,0x00,0x03,0x00,0x00,0x3F,
    0xFF,0xFF,0xF4,0x00,0x00,0x80,0x00,0x00,0x02,0x00,0x00,0x00,0x07,0x00,0x00,0x00,
    0x15,0x14,0x00,0x00,0x51,0x01,0x00,0x01,0x01,0x00,0x50,0x18,0x01,0x00,0x04,0x00,
    0x01,0x00,0x00,0x00,0x01,0x00,0x00,0x00,0x01,0x00,0x00,0x00,0x01,0x00,0x00,0x00,
    0x01,0x00,0x00,0x00,0x00,0x00,0x00,0x00,0x04,0x00,0x00,0x00,0x08,0x00,0x00,0x3F,
    0xFF,0xFF,0xF0,0x00,0x20,0x00,0x00,0x00,0x40,0x40,0x00,0x00,0x80,0x40,0x00,0x02,
    0x00,0x40,0x00,0x03,0xFF,0xFF,0xE0,0x00,0x00,0x40,0x00,0x00,0x40,0x41,0x00,0x01,
    0x00,0x40,0x40,0x05,0x00,0x40,0x10,0x14,0x00,0x40,0x10,0x00,0x0A,0x80,0x00,0x00,
    0x00,0x00,0x00,0x00,0x00,0x80,0x00,0x00,0x00,0xC0,0x00,0x00,0x00,0xC0,0x00,0x0F,
    0xFF,0xFF,0xF8,0x1C,0x00,0xC0,0x0C,0x1C,0x00,0xC0,0x0C,0x1C,0x00,0xC0,0x0C,0x1C,
    0x00,0xC0,0x0C,0x1C,0x00,0xC0,0x0C,0x1F,0xFF,0xFF,0xFC,0x08,0x00,0xC0,0x08,0x00,
    0x00,0xC0,0x00,0x00,0x00,0xC0,0x00,0x00,0x00,0xC0,0x00,0x00,0x00,0xC0,0x00,0x00,
    0x00,0x80,0x00,0x00,0x00,0xC0,0x00,0x03,0xFF,0xFF,0xE0,0x01,0x00,0xC0,0x30,0x01,
    0x00,0xC0,0x30,0x01,0x00,0xC0,0x30,0x03,0xFF,0xFF,0xE0,0x00,0x00,0xC0,0x00,0x0F,
    0xFF,0xFF,0xF0,0x1C,0x00,0xC0,0x00,0x1C,0x00,0xC0,0x00,0x1C,0x00,0xC0,0x00,0x1F,
    0xFF,0xFF,0xF0,0x04,0x00,0xC0,0x00,0x00,0x00,0xC0,0x00,0x00,0x00,0x00,0x00,0x00,
    0x01,0x00,0x00,0x00,0x00,0x80,0x00,0x00,0x00,0x50,0x00,0x2F,0xFF,0xFF,0xF0,0x00,
    0x03,0x00,0x00,0x00,0x03,0x00,0x00,0x00,0x03,0x00,0x00,0x00,0x03,0x00,0x00,0x0F,
    0xFF,0xFF,0xD0,0x00,0x03,0x00,0x00,0x00,0x03,0x00,0x00,0x00,0x03,0x00,0x00,0x00,
    0x03,0x00,0x00,0xBF,0xFF,0xFF,0xFC,0x00,0x00,0x00,0x00,0x00,0x00,0x00,0x00,0x00,
    0x00,0xC0,0x00,0x03,0x00,0xC0,0x00,0x03,0x00,0xC0,0x10,0x03,0x00,0xC5,0x70,0x03,
    0x01,0xD0,0x20,0x03,0x54,0xC0,0x20,0x17,0x00,0xC0,0x20,0x03,0x00,0xC0,0x10,0x03,
    0x00,0xC0,0x50,0x03,0x00,0xC5,0x80,0x03,0x00,0xC0,0x04,0x03,0x00,0x00,0x08,0x02,
    0x00,0x00,0x08,0x01,0xFF,0xFF,0xB0,0x0F,0xFF,0xFF,0xF0,0x00,0x00,0x00,0x50,0x00,
    0x00,0x01,0x00,0x00,0x00,0x14,0x00,0x00,0x00,0x80,0x00,0x00,0x00,0x40,0x00,0x00,
    0x00,0x40,0x00,0x00,0x00,0x40,0x00,0x00,0x00,0x40,0x00,0x00,0x00,0x40,0x00,0x00,
    0x00,0x40,0x00,0x00,0x00,0x40,0x00,0x00,0x2A,0x40,0x00,0x00,0x00,0x00,0x00,0x1F,
    0xFF,0xFF,0xF4,0x00,0x10,0x00,0x00,0x00,0x40,0x00,0x00,0x00,0xBF,0xFF,0x00,0x00,
    0x40,0x01,0x00,0x00,0x40,0x01,0x00,0x00,0x40,0x01,0x00,0x00,0x40,0x01,0x00,0x01,
    0xFF,0xFE,0x00,0x00,0x00,0x01,0x00,0x00,0x00,0x04,0x00,0x00,0x00,0x04,0x00,0x3F,
    0xFF,0xFF,0xFC,0x00,0x00,0x00,0x00,0x00,0x02,0x00,0x00,0x00,0x00,0x00,0x00,0x3F,
    0xFF,0xFF,0xF4,0x00,0x00,0x00,0x00,0x00,0x40,0x05,0x00,0x02,0x00,0x00,0x80,0x08,
    0x00,0x04,0x20,0x10,0x10,0x04,0x00,0x00,0x14,0x10,0x00,0x00,0x04,0x50,0x00,0x00,
    0x03,0x80,0x00,0x00,0x05,0x50,0x00,0x00,0x60,0x09,0x00,0x19,0x00,0x00,0x94,0x00,
    0x00,0x00,0x00,0x00,0x00,0x00,0x00,0x00,0x02,0x00,0x00,0x00,0x00,0x40,0x00,0x07,
    0xFF,0xFF,0xF0,0x00,0x40,0x01,0x00,0x00,0x10,0x08,0x00,0x05,0x65,0x69,0x54,0x2F,
    0xFF,0xFF,0xF8,0x00,0x00,0x40,0x00,0x1F,0xFF,0xFF,0xF4,0x00,0x00,0x40,0x00,0x00,
    0x80,0x41,0x00,0x01,0x00,0x40,0x40,0x08,0x00,0x40,0x20,0x00,0x1F,0x00,0x00,0x00,
    0x00,0x00,0x00,0x00,0x40,0x01,0x64,0x00,0x45,0x5C,0x00,0x02,0x00,0x0C,0x00,0x07,
    0x00,0x0C,0x00,0x07,0x00,0x0C,0x00,0x23,0x00,0x0C,0x00,0x03,0x3F,0xFF,0xFE,0x03,
    0x00,0x0C,0x00,0x03,0x00,0x0C,0x00,0x03,0x00,0x0C,0x00,0x03,0x00,0x0C,0x00,0x03,
    0x00,0x0C,0x00,0x03,0x1F,0xFF,0xFD,0x03,0x05,0x55,0x54,0x00,0x00,0x00,0x00,0x00,
    0x00,0x30,0x00,0x00,0x40,0x30,0x00,0x00,0x40,0x30,0x00,0x03,0x00,0x30,0x00,0x07,
    0xBF,0xFF,0xFC,0x13,0x00,0x74,0x00,0x53,0x00,0x71,0x00,0x03,0x02,0x31,0x00,0x03,
    0x04,0x30,0x80,0x03,0x04,0x30,0x10,0x03,0x20,0x30,0x14,0x03,0x80,0x30,0x04,0x03,
    0x00,0x30,0x00,0x02,0x00,0x30,0x00,0x00,0x00,0x00,0x00,0x00,0x00,0xC0,0x00,0x00,
    0x02,0x50,0x00,0x00,0x04,0x14,0x00,0x00,0x20,0x05,0x00,0x01,0x40,0x00,0x80,0x18,
    0x7F,0xFF,0x18,0x00,0x00,0x00,0x00,0x00,0x00,0x00,0x00,0x0F,0xFF,0xFF,0xFC,0x00,
    0x08,0x00,0x00,0x00,0x14,0x05,0x00,0x00,0x10,0x01,0x40,0x00,0x40,0x01,0xD0,0x03,
    0xA5,0x54,0x20,0x00,0x00,0x00,0x00,0x00,0x00,0x00,0x00,0x00,0x40,0x30,0x00,0x00,
    0x54,0x30,0x20,0x01,0x08,0x30,0x40,0x02,0x04,0x30,0x40,0x0B,0x00,0x30,0x00,0x13,
    0x3F,0xFF,0xF4,0x53,0x00,0x30,0x00,0x03,0x00,0x30,0x00,0x03,0x00,0x30,0x00,0x03,
    0xBF,0xFF,0xFC,0x03,0x00,0x30,0x00,0x03,0x00,0x30,0x00,0x03,0x00,0x30,0x00,0x02,
    0x00,0x30,0x00,0x00,0x00,0x00,0x00,0x00,0x41,0x00,0x00,0x00,0x81,0x00,0x00,0x01,
    0x02,0x00,0x00,0x03,0x03,0xFF,0xFE,0x0B,0x04,0x0C,0x04,0x13,0x04,0x0C,0x04,0x03,
    0x00,0x0C,0x10,0x03,0x02,0x0C,0x10,0x03,0x01,0x0C,0x04,0x03,0x04,0x0C,0x04,0x03,
    0x04,0x0C,0x04,0x03,0x00,0x0C,0x00,0x03,0x00,0x0C,0x00,0x02,0x00,0x7C,0x00,0x00,
    0x00,0x00,0x00,0x00,0x40,0x08,0x00,0x00,0x80,0x0C,0x00,0x00,0x6F,0xFF,0xFE,0x02,
    0x00,0x0C,0x00,0x07,0x00,0x0C,0x00,0x0B,0x2F,0xFF,0xFC,0x23,0x30,0x0C,0x0C,0x43,
    0x30,0x08,0x0C,0x03,0x30,0x08,0x0C,0x03,0x2F,0xFF,0xF8,0x03,0x10,0x14,0x00,0x03,
    0x08,0x20,0x00,0x03,0x02,0x90,0x00,0x03,0x02,0x90,0x00,0x03,0x14,0x05,0x40,0x00,
    0x00,0x00,0x14,0x00,0x00,0x00,0x00,0x00,0x8B,0xFF,0xF8,0x00,0x4C,0x00,0x0C,0x02,
    0x0C,0x00,0x0C,0x07,0x0C,0x00,0x0C,0x0B,0x0D,0x55,0x5C,0x23,0x0B,0xFF,0xF8,0x43,
    0x00,0x0C,0x00,0x03,0x3F,0xFF,0xFD,0x03,0x00,0x1D,0x00,0x03,0x00,0x4C,0x40,0x03,
    0x01,0x0C,0x50,0x03,0x04,0x0C,0x14,0x03,0x20,0x0C,0x05,0x02,0x00,0x0C,0x00,0x00,
    0x00,0x00,0x00,0x00,0x40,0x04,0x00,0x00,0x5F,0xFF,0xFE,0x01,0x00,0x00,0x00,0x02,
    0x03,0xFF,0xF0,0x0B,0x00,0x00,0x30,0x13,0x03,0xFF,0xF0,0x13,0x00,0x00,0x00,0x03,
    0x3F,0xFF,0xFE,0x03,0x30,0x00,0x01,0x03,0x17,0xFF,0xF5,0x03,0x00,0x0C,0x00,0x03,
    0x00,0x0C,0x00,0x03,0x00,0x0C,0x00,0x03,0x01,0xB8,0x00,0x00,0x00,0x00,0x00,0x00,
    0x10,0x00,0x00,0x00,0x08,0x00,0x00,0x00,0x02,0x00,0x00,0x00,0x02,0x40,0x00,0x00,
    0x02,0x80,0x00,0x00,0x02,0x10,0x00,0x00,0x01,0x20,0x00,0x00,0x08,0x04,0x00,0x00,
    0x04,0x08,0x00,0x00,0x20,0x01,0x00,0x00,0x50,0x02,0x00,0x01,0x40,0x00,0x80,0x05,
    0x00,0x00,0x20,0x20,0x00,0x00,0x08,0x00,0x00,0x00,0x00,0x00,0x00,0x00,0x00,0x00,
    0x08,0x00,0x04,0x10,0x04,0x00,0x10,0x04,0x01,0x00,0x10,0x04,0x01,0x00,0x80,0x02,
    0x00,0x01,0x00,0x01,0x00,0x01,0x00,0x00,0x00,0x04,0x00,0x3F,0xFF,0xFF,0xFC,0x00,
    0x00,0x00,0x00,0x00,0x10,0x04,0x00,0x00,0x80,0x01,0x00,0x02,0x00,0x00,0x40,0x08,
    0x00,0x00,0x10,0x10,0x00,0x00,0x04,0x00,0x00,0x01,0x00,0x00,0x20,0x04,0x00,0x0F,
    0xFF,0xFF,0xF4,0x00,0x00,0x40,0x00,0x07,0xFF,0xFF,0xE0,0x00,0x01,0x00,0x00,0x00,
    0x04,0x00,0x00,0x3F,0xFF,0xFF,0xF8,0x00,0x10,0x05,0x00,0x01,0x50,0x04,0x40,0x24,
    0x10,0x04,0x04,0x00,0x10,0x04,0x00,0x00,0x40,0x04,0x00,0x00,0x40,0x04,0x00,0x05,
    0x00,0x04,0x00,0x00,0x00,0x00,0x00,0x00,0x01,0x00,0x00,0x00,0x02,0x00,0x00,0x00,
    0x02,0x00,0x00,0x2F,0xFF,0xFF,0xF0,0x30,0x02,0x00,0x30,0x30,0x02,0x00,0x30,0x30,
    0x03,0x00,0x30,0x30,0x08,0x80,0x30,0x30,0x08,0x20,0x30,0x30,0x20,0x08,0x30,0x31,
    0x80,0x02,0x30,0x30,0x00,0x00,0x30,0x30,0x00,0x00,0x30,0x30,0x00,0x00,0x30,0x30,
    0x00,0x06,0xB0,0x00,0x00,0x00,0x00,0x07,0xFF,0xFF,0xFF,0x00,0x00,0x0C,0x00,0x00,
    0x0F,0xFF,0xFF,0xC0,0x03,0x00,0xC0,0x30,0x00,0xC0,0x30,0x0C,0x00,0x3F,0xFF,0xFF,
    0x00,0x0C,0x03,0x00,0xC0,0x03,0x00,0xC0,0x30,0x0F,0xFF,0xFF,0xFF,0xC1,0xB5,0x55,
    0x57,0x50,0x0C,0x00,0x00,0xC0,0x03,0x00,0x00,0x30,0x00,0xC0,0x01,0xFC,0x00,0x00,
    0x00,0x00,0x00,0x00,0x00,0x00,0x00,0x00,0x00,0x30,0x00,0x10,0x00,0x30,0x00,0x08,
    0x00,0x30,0x00,0x01,0x3F,0xFF,0xFC,0x00,0x30,0x30,0x0C,0x00,0x30,0x30,0x0C,0x00,
    0x30,0x30,0x0C,0x01,0x30,0x30,0x0C,0x04,0x3F,0xFF,0xFC,0x08,0x30,0x30,0x0C,0x10,
    0x00,0x30,0x00,0x10,0x00,0x30,0x00,0x40,0x00,0x30,0x00,0x00,0x00,0x30,0x00,0x00,
    0x00,0x00,0x00,0x00,0x02,0x04,0x00,0x20,0x05,0x04,0x00,0x04,0x0D,0x55,0x50,0x04,
    0x1F,0xFF,0xF8,0x00,0x2C,0x0C,0x00,0x00,0x8C,0x0C,0x00,0x01,0x0F,0xFF,0xF4,0x00,
    0x0C,0x0C,0x00,0x01,0x0C,0x0C,0x00,0x04,0x0F,0xFF,0xF4,0x04,0x0C,0x0C,0x00,0x10,
    0x0C,0x0C,0x00,0x20,0x0F,0xFF,0xFC,0x00,0x0C,0x00,0x00,0x00,0x10,0x04,0x00,0x00,
    0x40,0x01,0x00,0x00,0x40,0x01,0x00,0x02,0x00,0x00,0x40,0x05,0x00,0x00,0x10,0x04,
    0x00,0x00,0x14,0x17,0xFF,0xFF,0xC0,0x00,0x04,0x00,0xC0,0x00,0x00,0x00,0xC0,0x00,
    0x10,0x00,0xC0,0x00,0x10,0x01,0x80,0x00,0x80,0x01,0x80,0x02,0x00,0x02,0x40,0x14,
    0x00,0xAF,0x00,0x00,0x00,0x00,0x00,0x00,0x00,0x00,0x04,0x00,0x60,0x00,0x0C,0x00,
    0x44,0x08,0x0C,0x02,0x01,0x0C,0x0C,0x04,0x01,0x4C,0x0C,0x10,0x00,0x4C,0x0C,0x4F,
    0xFF,0x0C,0x0C,0x0C,0x03,0x0C,0x0C,0x0C,0x03,0x0C,0x0C,0x0C,0x03,0x0C,0x0C,0x0C,
    0x06,0x0C,0x0C,0x0C,0x28,0x04,0x0C,0x0C,0x00,0x40,0x0C,0x0C,0x00,0x40,0x0C,0x0B,
    0xFF,0x42,0xB8,0x00,0x00,0x00,0x00,0x01,0x00,0x00,0x00,0x00,0x05,0x75,0x5C,0x7F,
    0xF0,0x20,0x0C,0x00,0x60,0x20,0x0C,0x00,0xC0,0x20,0x0C,0x02,0x40,0x20,0x0C,0x07,
    0x20,0x10,0x0C,0x0B,0x80,0x40,0x08,0x23,0x10,0x80,0x08,0x03,0x00,0x80,0x18,0x03,
    0x01,0x00,0x14,0x03,0x02,0x00,0x24,0x03,0x04,0x00,0x30,0x03,0x14,0x1A,0xE0,0x00,
    0x00,0x00,0x00,0x00,0x00,0x00,0x00,0x0D,0x55,0x40,0x0C,0x1C,0x00,0xC8,0x0C,0x1C,
    0x00,0xCC,0x0C,0x1C,0x00,0xCC,0x0C,0x1D,0x5D,0x4C,0x0C,0x1C,0x0C,0x0C,0x0C,0x1D,
    0x5D,0xCC,0x0C,0x1D,0x0C,0xCC,0x0C,0x19,0x0C,0xCC,0x0C,0x29,0x0C,0xCC,0x0C,0x25,
    0x0C,0xC0,0x0C,0x31,0x0E,0xC0,0x0C,0x50,0x0C,0x00,0x0C,0x40,0x08,0x02,0xF8,0x00,
    0x00,0x00,0x00,0x00,0x00,0x00,0x00,0x00,0x40,0x01,0x00,0x00,0x10,0x01,0x00,0x3F,
    0xFF,0xFF,0xFC,0x00,0x00,0x00,0x00,0x00,0x00,0x00,0x10,0x09,0x56,0x04,0x10,0x04,
    0x01,0x04,0x10,0x0D,0x5A,0x04,0x10,0x04,0x01,0x04,0x10,0x04,0x01,0x04,0x10,0x0D,
    0x56,0x04,0x10,0x04,0x01,0x04,0x10,0x04,0x01,0x00,0x10,0x04,0x29,0x02,0xA0,0x00,
    0x00,0x00,0x00,0x00,0x04,0x00,0x00,0x00,0x10,0x00,0x00,0x00,0x7F,0xFF,0xC0,0x01,
    0x80,0x01,0x40,0x09,0x20,0x05,0x00,0x00,0x05,0x60,0x00,0x00,0x16,0x90,0x00,0x15,
    0x40,0x01,0x54,0x00,0x02,0x00,0x00,0x0F,0xFF,0xFF,0xD0,0x00,0x01,0x00,0x10,0x00,
    0x08,0x00,0x40,0x00,0x10,0x00,0x40,0x00,0x40,0x00,0x80,0x15,0x00,0x2A,0x40,0x00,
    0x00,0x00,0x00,0x00,0x00,0x00,0x00,0x00,0x00,0x03,0x00,0x1F,0xFE,0x03,0x00,0x00,
    0x00,0x03,0x00,0x00,0x00,0x17,0x54,0x00,0x00,0x06,0x0C,0x3F,0xFF,0x01,0x08,0x01,
    0x00,0x05,0x08,0x01,0x00,0x04,0x0C,0x04,0x04,0x08,0x0C,0x08,0x04,0x08,0x0C,0x04,
    0x16,0x04,0x0C,0x29,0x01,0x20,0x0C,0x00,0x00,0x10,0x18,0x00,0x00,0x86,0xB0,0x00,
    0x00,0x00,0x00,0x00,0x00,0x00,0x00,0x00,0x40,0xC0,0x00,0x00,0x40,0xC0,0x00,0x01,
    0x00,0xC0,0x10,0x03,0x00,0xC0,0x50,0x0B,0x00,0xC0,0x40,0x23,0x00,0xC5,0x00,0x43,
    0x00,0xD4,0x00,0x03,0x00,0xC0,0x00,0x03,0x05,0xC0,0x00,0x03,0x10,0xC0,0x00,0x03,
    0x00,0xC0,0x0C,0x03,0x00,0xC0,0x0C,0x03,0x00,0xC0,0x0C,0x03,0x00,0xBF,0xF4,0x0F,
    0xFF,0xFF,0xFC,0x0C,0x00,0x00,0x00,0x0C,0x00,0x00,0x00,0x0C,0x10,0x02,0x00,0x0C,
    0x08,0x04,0x00,0x0C,0x02,0x14,0x00,0x0C,0x00,0x90,0x00,0x0C,0x00,0xA0,0x00,0x0C,
    0x02,0x08,0x00,0x0C,0x08,0x02,0x00,0x0C,0x50,0x00,0x80,0x0C,0x40,0x00,0x40,0x0C,
    0x00,0x00,0x00,0x0F,0xFF,0xFF,0xFD,0x0F,0xFF,0xFF,0xFD,0x0C,0x00,0x00,0x00,0x0C,
    0x00,0xC0,0x00,0x0C,0x00,0xC0,0x00,0x0C,0x00,0xC0,0x00,0x0C,0xBF,0xFF,0xF0,0x0C,
    0x00,0x80,0x30,0x0C,0x01,0x40,0x30,0x18,0x02,0x40,0x30,0x18,0x03,0x00,0x30,0x24,
    0x02,0x00,0x30,0x30,0x08,0x00,0x60,0x20,0x20,0x00,0x50,0x40,0x80,0x1B,0xC0,0x00,
    0x00,0x00,0x00,0x0F,0xFF,0xFF,0xFC,0x0C,0x00,0x80,0x00,0x0C,0xBF,0xFF,0xE0,0x0C,
    0xC0,0x00,0x30,0x0C,0xC0,0x00,0x30,0x0C,0xFF,0xFF,0xF0,0x0C,0xC0,0x00,0x30,0x0C,
    0xBF,0xFF,0xE0,0x18,0x00,0xC0,0x00,0x24,0x20,0xC0,0x80,0x30,0x40,0xC0,0x20,0x51,
    0x00,0xC0,0x04,0x00,0x0A,0xC0,0x00,0x00,0x00,0x00,0x00,0x00,0x04,0x00,0x00,0x00,
    0x10,0x00,0x00,0x2F,0xFF,0xFF,0xFC,0x00,0x10,0x00,0x00,0x00,0x10,0x00,0x00,0x00,
    0x3F,0xFF,0xC0,0x00,0x60,0x00,0x80,0x00,0x44,0x01,0x00,0x00,0x44,0x02,0x00,0x01,
    0x01,0x08,0x00,0x02,0x00,0xA0,0x00,0x08,0x00,0xA4,0x00,0x14,0x09,0x01,0x40,0x00,
    0x50,0x00,0x14,0x00,0x01,0x00,0x00,0x00,0x01,0x00,0x00,0x2F,0xFF,0xFF,0xF8,0x00,
    0x10,0x10,0x00,0x01,0x10,0x11,0x00,0x01,0x10,0x10,0x80,0x08,0x10,0x10,0x20,0x00,
    0x10,0x10,0x00,0x0F,0xFF,0xFF,0x40,0x00,0x40,0x02,0x00,0x00,0x50,0x08,0x00,0x00,
    0x14,0x20,0x00,0x00,0x07,0x40,0x00,0x00,0x50,0x54,0x00,0x14,0x00,0x01,0x54,0x00,
    0x00,0x00,0x00,0x0B,0xFF,0xFF,0xE0,0x0C,0x00,0x00,0x30,0x0C,0x00,0x00,0x30,0x0C,
    0x00,0x00,0x30,0x0C,0x00,0x00,0x30,0x0C,0x00,0x00,0x30,0x0C,0x00,0x00,0x30,0x0C,
    0x00,0x00,0x30,0x0C,0x00,0x00,0x30,0x0C,0x00,0x00,0x30,0x0F,0xFF,0xFF,0xF0,0x0C,
    0x00,0x00,0x30,0x0C,0x00,0x00,0x00,0x0F,0xFF,0xFF,0xC0,0x0C,0x00,0x00,0xC0,0x0C,
    0x00,0x00,0xC0,0x0C,0x00,0x00,0xC0,0x0C,0x00,0x00,0xC0,0x0C,0x00,0x00,0xC0,0x0B,
    0xFF,0xFF,0xC0,0x00,0x00,0x00,0x00,0x00,0x00,0x00,0x00,0x00,0x50,0x08,0x00,0x01,
    0x40,0x01,0x00,0x05,0x00,0x00,0x50,0x20,0x00,0x00,0x14,0x00,0x00,0x00,0x00,0x00,
    0x00,0x00,0x00,0x3F,0xFF,0xFF,0xFC,0x00,0x00,0x00,0xC0,0x00,0x00,0x00,0xC0,0x03,
    0xFF,0xE0,0xC0,0x03,0x00,0x30,0xC0,0x03,0x00,0x30,0xC0,0x03,0x00,0x30,0xC0,0x03,
    0x00,0x30,0xC0,0x03,0xFF,0xF0,0xC0,0x03,0x00,0x00,0xC0,0x00,0x00,0x00,0xC0,0x00,
    0x00,0x00,0xC0,0x00,0x00,0x0F,0xC0,0x00,0x00,0x40,0x00,0x00,0x00,0xC0,0x00,0x00,
    0x00,0xC0,0x00,0x0B,0xFF,0xFF,0xF8,0x0C,0x00,0xC0,0x08,0x0C,0x00,0xC0,0x08,0x0C,
    0x00,0x80,0x08,0x0F,0xFF,0xFF,0xF8,0x00,0x00,0x80,0x00,0x00,0x41,0x40,0x00,0x00,
    0x42,0x00,0x00,0x00,0x15,0x00,0x00,0x00,0x1D,0x00,0x00,0x01,0x80,0x50,0x00,0x14,
    0x00,0x05,0x55,0x00,0x00,0x00,0x00,0x00,0x00,0x00,0x00,0x00,0x00,0x80,0x00,0x35,
    0xC0,0x40,0x00,0x30,0xC2,0xFF,0xF8,0x30,0xC1,0x00,0x00,0x30,0xC8,0x00,0x00,0x30,
    0xC1,0xFF,0xC0,0x30,0xC0,0x01,0x40,0x30,0xC0,0x05,0x00,0x30,0xC0,0x14,0x00,0x30,
    0xC0,0x50,0x00,0x3F,0xC1,0x40,0x00,0x30,0x02,0x00,0x04,0x00,0x08,0x00,0x0C,0x00,
    0x07,0xFF,0xF8,0x00,0x00,0x00,0x00,0x00,0x01,0x00,0x00,0x00,0x00,0x40,0x00,0x0F,
    0xFF,0xFF,0xF0,0x0C,0x00,0x00,0x30,0x0C,0x00,0x00,0x30,0x0F,0xFF,0xFF,0xF0,0x0C,
    0x00,0x00,0x00,0x0C,0x00,0x00,0x00,0x0C,0xFF,0xFF,0xF0,0x19,0xC0,0x00,0x20,0x25,
    0xC0,0x00,0x20,0x31,0xC0,0x00,0x20,0x21,0xFF,0xFF,0xF0,0x81,0xC0,0x00,0x20,0x00,
    0x00,0x00,0x00,0x00,0x00,0x40,0x00,0x00,0x00,0xC0,0x00,0x3F,0x81,0x41,0x80,0x30,
    0xC2,0x02,0x00,0x30,0xCD,0x59,0x40,0x30,0xEF,0xFF,0xE0,0x30,0xCC,0x04,0x20,0x30,
    0xCC,0x04,0x20,0x30,0xCC,0x10,0x20,0x30,0xDD,0x79,0x74,0x3F,0xC0,0x28,0x00,0x30,
    0x00,0x45,0x00,0x20,0x01,0x41,0x40,0x00,0x04,0x00,0x50,0x00,0x10,0x00,0x08,0x00,
    0x04,0x00,0x00,0x00,0x0C,0x01,0x00,0x3F,0x8C,0x01,0x00,0x30,0xCC,0x01,0x40,0x30,
    0xFF,0x55,0x54,0x30,0xCC,0x00,0x10,0x30,0xCC,0x00,0x20,0x30,0xCC,0x04,0x20,0x30,
    0xCD,0x04,0x10,0x30,0xDC,0x04,0x10,0x3F,0x8C,0x04,0x00,0x30,0x0C,0x04,0x40,0x20,
    0x0C,0x04,0x40,0x00,0x0C,0x00,0x40,0x00,0x3C,0x7F,0xFC,0x00,0x00,0x00,0x00,0x00,
    0x05,0x59,0x60,0x3F,0x8C,0x0C,0x30,0x30,0xCC,0x0C,0x30,0x30,0xCF,0xFF,0xF0,0x30,
    0xCC,0x0C,0x30,0x30,0xCF,0xFF,0xF0,0x30,0xC0,0x00,0x00,0x30,0xC0,0x00,0x00,0x30,
    0xC6,0x59,0x54,0x3F,0x81,0x04,0x10,0x30,0x01,0x01,0x50,0x20,0x01,0x02,0x00,0x00,
    0x01,0x00,0x80,0x00,0x03,0x90,0x14,0x00,0x00,0x00,0x00,0x00,0x00,0x00,0x00,0x00,
    0x00,0x08,0x00,0x35,0x80,0x08,0x00,0x30,0xCF,0xFF,0xFC,0x30,0xCC,0x20,0x0C,0x30,
    0xCC,0x30,0x48,0x30,0xCD,0x75,0x00,0x30,0xCC,0x30,0x20,0x30,0xD8,0x2B,0xE0,0x30,
    0xD8,0x22,0x00,0x3F,0x95,0x33,0x14,0x30,0x21,0x33,0x10,0x00,0x30,0x73,0x00,0x00,
    0x20,0x33,0x00,0x00,0xAF,0xFF,0xFD,0x00,0x00,0x00,0x00,0x0B,0xF8,0x2F,0xE0,0x04,
    0x04,0x10,0x10,0x04,0x04,0x10,0x10,0x04,0x04,0x10,0x10,0x0B,0xF8,0x2F,0xE0,0x00,
    0x01,0x05,0x00,0x3F,0xFF,0xFF,0xFC,0x00,0x20,0x04,0x00,0x00,0x80,0x01,0x40,0x0F,
    0xF8,0x2F,0xF4,0x14,0x04,0x10,0x10,0x04,0x04,0x10,0x10,0x04,0x04,0x10,0x10,0x0F,
    0xFC,0x3F,0xF0,0x3F,0xFF,0xFF,0xF0,0x30,0x00,0x00,0x30,0x30,0x00,0x00,0x30,0x30,
    0x00,0x00,0x30,0x30,0x3F,0xFC,0x30,0x30,0x30,0x0C,0x30,0x30,0x30,0x0C,0x30,0x30,
    0x30,0x0C,0x30,0x30,0x30,0x0C,0x30,0x30,0x3F,0xF8,0x30,0x30,0x00,0x00,0x30,0x30,
    0x00,0x00,0x30,0x3F,0xFF,0xFF,0xF0,0x30,0x00,0x00,0x30,0x3F,0xFF,0xFF,0xF0,0x30,
    0x00,0x00,0x30,0x30,0x00,0x40,0x30,0x30,0x01,0x00,0x30,0x30,0x01,0x00,0x30,0x33,
    0xFF,0xFF,0xB0,0x30,0x02,0x00,0x30,0x30,0x01,0x40,0x30,0x30,0x04,0x10,0x30,0x30,
    0x14,0x04,0x30,0x30,0x50,0x01,0x30,0x31,0x00,0x00,0x30,0x3F,0xFF,0xFF,0xF0,0x30,
    0x00,0x00,0x30,0x3F,0xFF,0xFF,0xF0,0x30,0x01,0x00,0x34,0x30,0x03,0x00,0x34,0x30,
    0x03,0x00,0x34,0x33,0xFF,0xFF,0xB4,0x30,0x07,0x80,0x34,0x30,0x07,0x20,0x34,0x30,
    0x13,0x08,0x34,0x30,0x43,0x02,0x34,0x35,0x03,0x00,0x74,0x30,0x03,0x00,0x34,0x30,
    0x02,0x00,0x34,0x30,0x00,0x00,0x34,0x3F,0xFF,0xFF,0xF4,0x3F,0xFF,0xFF,0xF0,0x30,
    0x00,0x00,0x30,0x30,0x11,0x04,0x30,0x31,0x67,0x59,0x30,0x30,0x04,0x00,0x30,0x33,
    0xFF,0xFF,0x70,0x30,0x20,0x04,0x30,0x31,0x6F,0xF5,0x30,0x35,0x10,0x10,0x70,0x30,
    0x10,0xB0,0x30,0x30,0x10,0x04,0x30,0x30,0x15,0x54,0x30,0x30,0x00,0x00,0x30,0x3F,
    0xFF,0xFF,0xF0,0x00,0x00,0x00,0x00,0x00,0x08,0x00,0x00,0x00,0x04,0x00,0x00,0x3F,
    0xFF,0xFF,0xF8,0x00,0x20,0x00,0x00,0x00,0x40,0x00,0x00,0x00,0x40,0x00,0x00,0x03,
    0x00,0x00,0x00,0x0A,0x0F,0xFF,0xF0,0x21,0x00,0x00,0x00,0x01,0x00,0x00,0x00,0x01,
    0x00,0x00,0x00,0x01,0x00,0x00,0x00,0x01,0x00,0x00,0x00,0x01,0x3F,0xFF,0xFC,0x00,
    0x00,0x00,0x00,0x03,0x00,0x0C,0x00,0x03,0x02,0x0C,0x00,0x03,0x03,0x0C,0x04,0x03,
    0x03,0x0C,0x5C,0x17,0x53,0x0D,0x0C,0x03,0x03,0x9C,0x0C,0x03,0x17,0x0C,0x0C,0x03,
    0x03,0x0C,0x0C,0x03,0x03,0x0C,0x08,0x03,0x53,0x0C,0x18,0x1A,0x03,0x0C,0x00,0x10,
    0x03,0x00,0x01,0x00,0x03,0x00,0x01,0x00,0x02,0xFF,0xE8,0x01,0x00,0x40,0x00,0x03,
    0x00,0x81,0x00,0x03,0x00,0x42,0x00,0x03,0x03,0x56,0x54,0x3F,0xEB,0x03,0x00,0x03,
    0x07,0x03,0x00,0x03,0x03,0xFF,0xF8,0x03,0x03,0x03,0x00,0x03,0x03,0x03,0x00,0x03,
    0x03,0x03,0x00,0x03,0x93,0xFF,0xF8,0x24,0x03,0x03,0x00,0x00,0x03,0x03,0x00,0x00,
    0x03,0xFF,0xFD,0x00,0x03,0x00,0x00,0x00,0x00,0x00,0x00,0x00,0x40,0x00,0x00,0x03,
    0xFF,0xFF,0xF0,0x08,0x00,0x00,0x00,0x22,0xFF,0xFF,0x80,0x03,0x00,0x00,0xC0,0x03,
    0xFF,0xFF,0xC0,0x03,0x00,0x00,0xC0,0x02,0xFF,0xFF,0x80,0x00,0x10,0x00,0x00,0x00,
    0xFF,0xFF,0x00,0x05,0x40,0x09,0x00,0x04,0x14,0x60,0x00,0x00,0x0B,0xD0,0x00,0x16,
    0x90,0x05,0x54,0x00,0x00,0x00,0x00,0x00,0x00,0x04,0x00,0x00,0x40,0x0C,0x00,0x00,
    0x40,0x0C,0x00,0x01,0xFF,0x0C,0x00,0x02,0x01,0x0C,0x00,0x01,0x01,0x0C,0x00,0x08,
    0x01,0x0D,0x40,0x15,0x41,0x0C,0x20,0x00,0x14,0x0C,0x08,0x00,0x08,0x0C,0x00,0x00,
    0x20,0x0C,0x00,0x00,0x40,0x0C,0x00,0x01,0x40,0x0C,0x00,0x05,0x00,0x0C,0x00,0x14,
    0x00,0x0C,0x00,0x00,0x00,0x00,0x00,0x1F,0xFF,0xFF,0xF0,0x00,0x01,0x00,0x00,0x00,
    0x01,0x00,0x00,0x00,0x01,0x00,0x00,0x00,0x01,0x00,0x00,0x2F,0xFF,0xFF,0xFC,0x00,
    0x02,0x80,0x00,0x00,0x04,0x10,0x00,0x00,0x08,0x20,0x00,0x00,0x20,0x04,0x00,0x00,
    0x80,0x01,0x00,0x06,0x00,0x00,0x40,0x20,0x00,0x00,0x14,0x00,0x00,0x00,0x00,0x00,
    0x00,0x00,0x00,0x00,0x41,0x00,0x00,0x00,0x41,0x00,0x00,0x01,0x01,0x00,0x00,0x03,
    0xFF,0xFF,0xE0,0x08,0x01,0x00,0x00,0x10,0x01,0x00,0x00,0x00,0x01,0x00,0x00,0x3F,
    0xFF,0xFF,0xFC,0x00,0x02,0x40,0x00,0x00,0x05,0x10,0x00,0x00,0x08,0x10,0x00,0x00,
    0x20,0x04,0x00,0x01,0x80,0x01,0x40,0x19,0x00,0x00,0x14,0x00,0x00,0x00,0x00,0x00,
    0x00,0x00,0x00,0x00,0x00,0x40,0x00,0x0F,0xFF,0xFF,0xF4,0x00,0x03,0x00,0x00,0x00,
    0x04,0x14,0x00,0x00,0x50,0x01,0x40,0x05,0x00,0x00,0x10,0x3F,0xFF,0xFF,0xFC,0x00,
    0x00,0x00,0x40,0x03,0xFF,0x80,0x40,0x00,0x00,0x40,0x40,0x00,0x00,0x40,0x40,0x03,
    0xFF,0x80,0x40,0x00,0x00,0x00,0x40,0x00,0x00,0x2A,0x80,0x00,0x00,0x00,0x00,0x00,
    0x00,0x40,0x00,0x00,0x01,0x00,0x00,0x0F,0xFF,0xFF,0xF8,0x00,0x04,0x10,0x00,0x00,
    0x14,0x14,0x00,0x00,0x50,0x02,0x00,0x07,0xFF,0xFF,0xD4,0x11,0x01,0x00,0x40,0x01,
    0x01,0x00,0x40,0x02,0xFF,0xFF,0x80,0x01,0x01,0x00,0x40,0x01,0x01,0x00,0x40,0x02,
    0xFF,0xFF,0x80,0x02,0x00,0x00,0x40,0x00,0x00,0x00,0x00,0x01,0x00,0x00,0x00,0x01,
    0x00,0xFF,0xFC,0x01,0x00,0x00,0x20,0x3F,0xFC,0x01,0x80,0x04,0x04,0x03,0x00,0x04,
    0x10,0x03,0x00,0x04,0x13,0xFF,0xFD,0x10,0x20,0x03,0x00,0x18,0x10,0x03,0x00,0x01,
    0xC0,0x03,0x00,0x00,0xA0,0x03,0x00,0x02,0x08,0x03,0x00,0x08,0x00,0x03,0x00,0x20,
    0x00,0x6E,0x00,0x00,0x00,0x00,0x00,0x00,0x00,0x00,0x00,0x01,0x00,0x04,0x00,0x04,
    0x00,0x20,0x00,0x04,0x00,0x40,0x40,0x7F,0xF0,0x40,0x40,0x04,0x12,0x00,0x20,0x04,
    0x1B,0xBF,0xB8,0x10,0x10,0x00,0x04,0x10,0x40,0x00,0x00,0x20,0x43,0xFF,0xF0,0x05,
    0x43,0x00,0x30,0x02,0x83,0x00,0x30,0x01,0x23,0x00,0x30,0x08,0x03,0x00,0x30,0x20,
    0x03,0xFF,0xF0,0x00,0x00,0x00,0x00,0x0B,0xFF,0xFF,0xC0,0x00,0x00,0x01,0x00,0x00,
    0x00,0x14,0x00,0x00,0x01,0x40,0x00,0x00,0x01,0x00,0x00,0x00,0x01,0x00,0x00,0x3F,
    0xFF,0xFF,0xFC,0x00,0x01,0x00,0x00,0x00,0x01,0x00,0x00,0x00,0x01,0x00,0x00,0x00,
    0x01,0x00,0x00,0x00,0x01,0x00,0x00,0x00,0xBA,0x00,0x00,0x00,0x00,0x00,0x00,0x00,
    0x01,0x00,0x00,0x00,0x00,0x40,0x00,0x2F,0xFF,0xFF,0xF8,0x30,0x00,0x00,0x0C,0x30,
    0x00,0x00,0x0C,0x10,0xFF,0xFF,0x04,0x00,0x00,0x05,0x00,0x00,0x00,0x10,0x00,0x00,
    0x00,0x80,0x00,0x2F,0xFF,0xFF,0xF8,0x00,0x00,0x40,0x00,0x00,0x00,0x40,0x00,0x00,
    0x00,0x40,0x00,0x00,0x00,0x40,0x00,0x00,0x1B,0x00,0x00,0x00,0x00,0x00,0x00,0x00,
    0x08,0x00,0x00,0x00,0x04,0x00,0x00,0x3F,0xFF,0xFF,0xF8,0x00,0x10,0x00,0x00,0x00,
    0x87,0xFF,0xF0,0x01,0x40,0x00,0x80,0x03,0x00,0x02,0x00,0x09,0x00,0x08,0x00,0x21,
    0x00,0x04,0x00,0x01,0x2F,0xFF,0xFC,0x01,0x00,0x04,0x00,0x01,0x00,0x04,0x00,0x01,
    0x00,0x04,0x00,0x01,0x02,0xB4,0x00,0x00,0x00,0x00,0x00,0x00,0x01,0x00,0x00,0x00,
    0x00,0x40,0x00,0x3F,0xFF,0xFF,0xF4,0x30,0x00,0x00,0x04,0x30,0x40,0x00,0x04,0x00,
    0xC0,0x00,0x00,0x00,0xC0,0x05,0x00,0x00,0xC1,0x50,0x00,0x00,0xD4,0x00,0x00,0x00,
    0xC0,0x00,0x00,0x00,0xC0,0x00,0x00,0x00,0xC0,0x00,0x30,0x00,0xC0,0x00,0x30,0x00,
    0xBF,0xFF,0xD0,0x00,0x01,0x00,0x00,0x00,0x01,0x00,0x00,0x0F,0xFF,0xFF,0xF4,0x04,
    0x00,0x00,0x04,0x04,0x01,0x00,0x04,0x00,0x04,0x00,0x00,0x00,0x04,0x00,0x00,0x1F,
    0xFF,0xFF,0xFC,0x00,0x10,0x01,0x00,0x00,0x40,0x08,0x00,0x00,0x90,0x10,0x00,0x00,
    0x0A,0x90,0x00,0x00,0x01,0xA4,0x00,0x00,0x14,0x06,0x40,0x05,0x40,0x00,0x60,0x00,
    0x00,0x00,0x00,0x00,0x04,0x00,0x00,0x00,0x02,0x00,0x00,0x2F,0xFF,0xFF,0xF8,0x30,
    0x00,0x00,0x0C,0x30,0x00,0x00,0x0C,0x17,0xFF,0xFF,0x84,0x00,0x03,0x00,0x00,0x00,
    0x03,0x00,0x00,0x01,0x03,0x00,0x00,0x01,0x03,0xFF,0xC0,0x02,0x03,0x00,0x00,0x06,
    0x03,0x00,0x00,0x04,0x83,0x00,0x00,0x10,0x27,0x00,0x00,0x10,0x06,0xAB,0xFD,0x00,
    0x00,0x00,0x00,0x00,0x01,0x00,0x00,0x00,0x00,0x80,0x00,0x0F,0xFF,0xFF,0xFC,0x0C,
    0x00,0x00,0x0C,0x0C,0x04,0x08,0x0C,0x00,0x04,0x01,0x00,0x00,0x08,0x00,0x00,0x0F,
    0xFF,0xFF,0xFC,0x00,0x10,0x30,0x00,0x00,0x10,0x30,0x40,0x00,0x10,0x31,0x00,0x00,
    0x80,0x34,0x00,0x01,0x01,0x70,0x00,0x08,0x04,0x30,0x01,0x10,0x00,0x2F,0xFC,0x00,
    0x00,0x00,0x00,0x00,0x02,0x00,0x00,0x2F,0xFF,0xFF,0xF8,0x30,0x00,0x00,0x0C,0x30,
    0x00,0x00,0x0C,0x13,0xFF,0xFF,0x44,0x00,0x18,0x00,0x00,0x01,0x41,0x01,0x40,0x14,
    0x02,0x08,0x00,0x00,0x50,0x94,0x00,0x05,0x01,0x84,0x00,0x00,0x04,0x42,0x00,0x01,
    0x40,0x80,0x40,0x14,0x00,0x80,0x20,0x00,0x2B,0x00,0x04,0x00,0x00,0x00,0x00,0x00,
    0x00,0x00,0x00,0x00,0x00,0x00,0x00,0x3F,0xFF,0xFF,0xF4,0x30,0x40,0x00,0x04,0x20,
    0xC0,0x00,0x00,0x00,0xFF,0x65,0x60,0x00,0xC0,0x10,0x10,0x00,0xC0,0x10,0x10,0xBF,
    0xFF,0x84,0x10,0x00,0xD0,0x04,0x40,0x04,0xC1,0x05,0x40,0x04,0xC1,0x03,0x00,0x20,
    0xC0,0x05,0x40,0x00,0xC0,0x10,0x50,0x07,0xC0,0x80,0x08,0x00,0x00,0x00,0x00,0x00,
    0x00,0x00,0x00,0x00,0x02,0x00,0x00,0x2F,0xFF,0xFF,0xF8,0x30,0x04,0x00,0x0C,0x30,
    0x22,0x08,0x0C,0x00,0x30,0xA0,0x00,0x04,0x31,0x40,0x50,0x04,0x34,0x02,0x14,0x11,
    0x70,0x03,0x04,0x20,0x2B,0xF9,0x00,0x00,0x03,0x00,0x00,0x01,0x03,0x00,0x10,0x01,
    0x03,0x00,0x10,0x03,0xFF,0xFF,0xE0,0x00,0x00,0x00,0x50,0x00,0x00,0x00,0x00,0x00,
    0x00,0x40,0x00,0x2F,0xFF,0xFF,0xF8,0x10,0x00,0x04,0x04,0x13,0xFF,0xFF,0xC4,0x00,
    0x00,0x00,0x00,0x02,0xFF,0xFF,0xC0,0x01,0x00,0x00,0x40,0x02,0xFF,0xFF,0xC0,0x02,
    0x55,0x55,0x80,0x00,0x01,0x00,0x00,0x3F,0xFF,0xFF,0xFC,0x00,0x05,0x10,0x00,0x00,
    0x24,0x09,0x00,0x15,0x00,0x00,0x58,0x00,0x40,0x00,0x00,0x00,0xC0,0x10,0x00,0x00,
    0xC0,0x7F,0xF8,0x10,0xC5,0x00,0x20,0x08,0xC0,0x51,0x40,0x00,0xC0,0x19,0x00,0x00,
    0xC1,0x50,0xC0,0x00,0xC4,0x00,0xC0,0x02,0xDF,0xFF,0xFC,0x04,0xC0,0x00,0xC0,0x20,
    0xC2,0x00,0xC0,0x00,0xC0,0x80,0xC0,0x00,0xC0,0x10,0xC0,0x00,0xC0,0x00,0xC0,0x00,
    0xC0,0x0A,0xC0,0x00,0x00,0x40,0x00,0x00,0x00,0xC0,0x00,0x00,0x00,0xC0,0x00,0x00,
    0x00,0xC0,0x00,0x00,0x00,0xC0,0x40,0x01,0x00,0xC0,0x50,0x02,0x00,0xC0,0x20,0x01,
    0x00,0xC0,0x04,0x04,0x00,0xC0,0x08,0x04,0x00,0xC0,0x05,0x20,0x00,0xC0,0x02,0x00,
    0x00,0xC0,0x00,0x00,0x00,0xC0,0x00,0x00,0x00,0xC0,0x00,0x00,0x2F,0x80,0x00,0x00,
    0x00,0x00,0x00,0x00,0x00,0x00,0x00,0x00,0x80,0x08,0x00,0x00,0x40,0x08,0x10,0x3F,
    0xFF,0x08,0x10,0x00,0x00,0x0C,0x00,0x0F,0xFE,0xAE,0xA8,0x04,0x01,0x08,0x00,0x09,
    0x55,0x09,0x00,0x0F,0xFD,0x05,0x00,0x00,0x40,0x15,0x00,0x04,0x44,0x21,0x00,0x04,
    0x41,0x21,0x00,0x10,0x41,0x51,0x02,0x00,0x40,0x81,0x02,0x02,0xC1,0x01,0xFD,0x00,
    0x00,0x00,0x00,0x03,0xFF,0xFF,0xE0,0x03,0x00,0x00,0x30,0x03,0x00,0x00,0x30,0x02,
    0x00,0x00,0x30,0x03,0xFF,0xFF,0xE0,0x06,0x00,0x04,0x00,0x09,0x00,0x01,0x00,0x08,
    0x05,0x01,0x00,0x0C,0x00,0x90,0x80,0x14,0x00,0x00,0x20,0x20,0x00,0x00,0x08,0x00,
    0x50,0x00,0x00,0x00,0x05,0x40,0x00,0x00,0x00,0x19,0x00,0x00,0x00,0x00,0x00,0x0F,
    0xFF,0xFF,0xE0,0x0C,0x00,0x00,0x30,0x0C,0x00,0x00,0x30,0x0F,0xFF,0xFF,0xF0,0x0C,
    0x10,0x00,0x40,0x0C,0x04,0x02,0x00,0x0E,0xFF,0xFF,0xF8,0x0C,0x0C,0x03,0x00,0x0C,
    0x08,0x03,0x00,0x1A,0xFF,0xFF,0xFC,0x24,0x08,0x03,0x00,0x30,0x24,0x03,0x00,0x20,
    0x50,0x03,0x00,0x41,0x40,0x03,0x00,0x2F,0xFF,0xFF,0xC0,0x00,0x00,0x00,0xC0,0x0C,
    0x00,0x00,0xC0,0x0C,0x00,0x00,0xC0,0x0C,0x00,0x00,0xC0,0x0F,0xFF,0xFF,0xC0,0x0C,
    0x00,0x00,0xC0,0x0C,0x00,0x00,0x00,0x0C,0x00,0x00,0x00,0x0C,0x00,0x00,0x04,0x0C,
    0x00,0x00,0x08,0x0C,0x00,0x00,0x08,0x07,0xFF,0xFE,0xA0,0x00,0x00,0x00,0x00,0x2F,
    0xFF,0xFF,0xF0,0x00,0x03,0x00,0x00,0x01,0x03,0x00,0x40,0x01,0x03,0x02,0x00,0x00,
    0x43,0x04,0x00,0x00,0x03,0x00,0x00,0x7F,0xFF,0xFF,0xF8,0x00,0x03,0x00,0x00,0x00,
    0x03,0x00,0x00,0x00,0x03,0x00,0x00,0x00,0x03,0x00,0x00,0x00,0x03,0x00,0x00,0x00,
    0x03,0x00,0x00,0x00,0x00,0x00,0x00,0x00,0x00,0x80,0x00,0x00,0x00,0x10,0x00,0x0F,
    0xFF,0xFF,0xFC,0x0C,0x00,0x00,0x00,0x0C,0x00,0x00,0x00,0x0C,0x00,0x40,0x10,0x0C,
    0x10,0x10,0x10,0x0C,0x20,0x10,0x10,0x0C,0x10,0x10,0x40,0x18,0x04,0x10,0x40,0x18,
    0x04,0x01,0x00,0x24,0x00,0x01,0x00,0x30,0x00,0x04,0x00,0x21,0xFF,0xFF,0xFD,0x40,
    0x00,0x00,0x00,0x00,0x00,0x00,0x00,0x00,0x00,0x80,0x00,0x0F,0xFF,0xFF,0xFD,0x0C,
    0x08,0x02,0x00,0x0C,0x0C,0x03,0x00,0x0E,0xFF,0xFF,0xF8,0x0C,0x0C,0x03,0x00,0x0C,
    0x0C,0x03,0x00,0x0C,0x0B,0xFF,0x00,0x0C,0x00,0x00,0x00,0x0D,0xFF,0xFF,0xD0,0x18,
    0x04,0x00,0x80,0x24,0x05,0x05,0x00,0x30,0x00,0xF0,0x00,0x20,0x15,0x05,0x40,0x01,
    0x00,0x00,0x14,0x00,0x00,0x10,0x00,0x15,0x40,0x30,0x00,0x00,0x8F,0xFF,0xE0,0x01,
    0x00,0x30,0x30,0x01,0x3F,0xFF,0xFC,0x08,0x00,0x30,0x30,0x1E,0xCF,0xFF,0xF0,0x00,
    0x40,0x30,0x00,0x10,0x5F,0xFF,0xF0,0x04,0x40,0x30,0x00,0x09,0x00,0x30,0x00,0x07,
    0x3F,0xFF,0xF8,0x07,0x40,0x30,0x00,0x08,0x64,0x20,0x00,0x20,0x06,0xFF,0xF8,0x00,
    0x00,0x00,0x00,0x00,0x00,0x00,0x00,0x1F,0xFF,0xFF,0xFC,0x00,0x30,0x03,0x00,0x00,
    0x30,0x03,0x00,0x00,0x30,0x03,0x00,0x00,0x20,0x03,0x00,0x3F,0xFF,0xFF,0xFD,0x00,
    0x20,0x03,0x00,0x00,0x50,0x03,0x00,0x00,0x80,0x03,0x00,0x00,0x80,0x03,0x00,0x02,
    0x40,0x03,0x00,0x05,0x00,0x03,0x00,0x14,0x00,0x03,0x00,0x00,0x00,0x00,0x00,0x00,
    0x00,0x00,0x00,0x00,0x00,0x11,0x40,0x00,0x00,0x10,0x10,0x00,0x00,0x10,0x00,0x3F,
    0xFF,0xFF,0xFC,0x00,0x00,0x10,0x00,0x00,0x00,0x00,0x00,0x2F,0xFF,0x84,0x00,0x00,
    0x10,0x08,0x00,0x00,0x10,0x08,0x00,0x00,0x10,0x04,0x00,0x00,0x10,0x01,0x00,0x00,
    0x15,0x42,0x00,0x06,0x90,0x00,0x84,0x10,0x00,0x00,0x78,0x1F,0xE0,0x80,0x00,0x00,
    0x20,0xC0,0x10,0x00,0x20,0xC0,0x40,0x00,0x20,0xC1,0x00,0x0F,0xE0,0xC4,0x00,0x04,
    0x00,0xC0,0x00,0x00,0x05,0xD6,0x54,0x1F,0xF0,0xC1,0x00,0x00,0x20,0xC1,0x00,0x00,
    0x20,0xC0,0x00,0x00,0x20,0xC0,0x40,0x00,0x60,0xC0,0x10,0x00,0x50,0xD9,0x14,0x0B,
    0xC2,0xD0,0x04,0x00,0x00,0x00,0x00,0x06,0xAA,0xAA,0xC0,0x00,0x00,0x00,0x80,0x00,
    0x00,0x00,0x80,0x03,0xFF,0xFF,0xC0,0x00,0x00,0x00,0xC0,0x00,0x00,0x00,0xC0,0x1F,
    0xFF,0xFF,0xFD,0x01,0x00,0xC0,0x10,0x00,0x80,0xD0,0x80,0x00,0x10,0xD5,0x00,0x00,
    0x05,0xC4,0x00,0x01,0x50,0xC1,0x40,0x04,0x00,0xC0,0x14,0x00,0x1B,0x80,0x00,0x00,
    0x00,0x00,0x00,0x00,0x00,0x00,0x00,0x00,0x40,0x0C,0x00,0x01,0x00,0x0C,0x00,0x14,
    0x0B,0xFF,0xF4,0x10,0x40,0x0C,0x00,0x00,0x40,0x0C,0x00,0x03,0x2F,0xFF,0xFD,0x0B,
    0x00,0x00,0xC0,0x23,0x00,0x00,0xC0,0x03,0x2F,0xFF,0xFC,0x03,0x01,0x00,0xC0,0x03,
    0x00,0x40,0xC0,0x03,0x00,0x40,0xC0,0x03,0x00,0x00,0xC0,0x03,0x00,0x0A,0x80,0x00,
    0x00,0x00,0x00,0x00,0x00,0x00,0x00,0x01,0x0B,0xFF,0xF0,0x05,0x0C,0x00,0x10,0x14,
    0x0F,0xFF,0xF0,0x00,0x4C,0x00,0x10,0x01,0x0C,0x00,0x10,0x03,0x0B,0xFF,0xF0,0x0B,
    0x15,0x55,0x54,0x23,0x2F,0xFF,0xFC,0x03,0x00,0x00,0xC0,0x03,0x3F,0xFF,0xFD,0x03,
    0x01,0x00,0xC0,0x03,0x00,0x40,0xC0,0x03,0x00,0x00,0xC0,0x02,0x00,0x1F,0x80,0x00,
    0x00,0x00,0x00,0x00,0x00,0x00,0x00,0x00,0x08,0x00,0x00,0x00,0x01,0x00,0x00,0x00,
    0x00,0x40,0x00,0x00,0xC0,0x00,0x00,0x00,0xC0,0x00,0x40,0x04,0xC0,0x00,0x10,0x10,
    0xC0,0x00,0x10,0x10,0xC0,0x00,0x10,0x10,0xC0,0x00,0x04,0x40,0xC0,0x03,0x04,0x00,
    0xC0,0x03,0x00,0x00,0x80,0x03,0x00,0x00,0x7F,0xFD,0x00,0x00,0x10,0x00,0x00,0x00,
    0x40,0x00,0x00,0x00,0xFF,0xFF,0xF0,0x02,0x04,0x04,0x30,0x08,0x04,0x10,0x30,0x20,
    0x20,0x10,0x30,0x00,0x80,0x40,0x60,0x02,0x01,0x00,0x60,0x00,0x05,0x00,0xD0,0x00,
    0x04,0x1A,0x80,0x00,0x01,0x00,0x00,0x04,0xC0,0x80,0x10,0x10,0xC0,0x01,0x04,0x10,
    0xC0,0x03,0x04,0x00,0xBF,0xFE,0x00,0x00,0x00,0x00,0x00,0x00,0x01,0x00,0x00,0x00,
    0x01,0x00,0x00,0x2F,0xFF,0xFF,0xFC,0x00,0x01,0x80,0x00,0x00,0x08,0x10,0x00,0x00,
    0x14,0x14,0x00,0x00,0x55,0x05,0x00,0x06,0x00,0x40,0x90,0x10,0x00,0x00,0x14,0x00,
    0x41,0x40,0x40,0x04,0x40,0x50,0x10,0x04,0x40,0x00,0x20,0x10,0x40,0x01,0x04,0x00,
    0x7B,0xFE,0x00,0x00,0x00,0x00,0x00,0x00,0x10,0x04,0x00,0x00,0x10,0x04,0x00,0x00,
    0x04,0x20,0x00,0x03,0xFF,0xFF,0x80,0x03,0x00,0x00,0x40,0x03,0x00,0x00,0x40,0x03,
    0x00,0x00,0x40,0x02,0xFF,0xFF,0x80,0x00,0x05,0x00,0x00,0x00,0x01,0x40,0x40,0x04,
    0x10,0x50,0x10,0x10,0x10,0x01,0x04,0x10,0x10,0x03,0x04,0x00,0x3F,0xFE,0x00,0x01,
    0x00,0x00,0x00,0x03,0x00,0x40,0x00,0x03,0x00,0x40,0x00,0x03,0x5F,0xFF,0xFC,0x03,
    0x40,0x40,0x00,0x13,0x01,0x01,0x00,0x13,0x01,0x01,0x04,0x13,0x02,0x11,0x04,0x03,
    0x01,0x11,0x10,0x03,0x04,0x43,0x10,0x03,0x04,0x06,0x00,0x03,0x20,0x08,0x40,0x03,
    0x40,0x14,0x80,0x03,0x00,0x50,0x20,0x03,0x02,0x40,0x08,0x00,0x00,0x00,0x00,0x00,
    0x00,0x00,0x00,0x06,0xAA,0xE9,0x40,0x00,0x00,0xC0,0x40,0x00,0x80,0xC2,0x00,0x00,
    0x10,0xC4,0x00,0x2F,0xFF,0xFF,0xFD,0x00,0x04,0xD4,0x00,0x00,0x20,0xC1,0x00,0x01,
    0x40,0xC0,0x50,0x14,0x00,0x40,0x05,0x00,0x11,0x40,0x00,0x01,0x30,0x10,0x50,0x04,
    0x30,0x01,0x08,0x14,0x30,0x03,0x01,0x00,0x3F,0xFE,0x00,0x04,0x00,0x10,0x00,0x0C,
    0x00,0x30,0x00,0x0C,0x3F,0xFF,0xF4,0x0D,0x00,0x30,0x00,0x1D,0x2F,0xFF,0xF0,0x1C,
    0x00,0x30,0x00,0x4C,0xBF,0xFF,0xFC,0x0C,0x1F,0xFF,0xF0,0x0C,0x0C,0x00,0x30,0x0C,
    0x0C,0x00,0x30,0x0C,0x0F,0xFF,0xF0,0x0C,0x0C,0x00,0x30,0x0C,0x0F,0xFF,0xF0,0x0C,
    0x0C,0x00,0x30,0x0C,0x0C,0x02,0xF0,0x00,0x00,0x00,0x00,0x00,0x00,0x00,0x00,0x00,
    0xC0,0xBF,0xF8,0x00,0xC0,0xC0,0x0C,0x16,0xD5,0xC0,0x0C,0x01,0xC0,0xFF,0xFC,0x01,
    0xD0,0xC0,0x0C,0x08,0xC8,0xFF,0xFC,0x20,0xC0,0xC0,0x0C,0x00,0xC0,0xC0,0x0C,0x00,
    0x80,0xBF,0xF8,0x00,0x01,0x00,0x00,0x04,0x10,0x40,0x20,0x04,0x10,0x01,0x08,0x20,
    0x10,0x03,0x04,0x00,0x2B,0xFE,0x00,0x00,0x00,0x00,0x00,0x00,0x00,0x80,0x00,0x0B,
    0xFF,0xFF,0xF0,0x00,0x10,0x01,0x00,0x05,0x65,0x5D,0x54,0x00,0x00,0x00,0x00,0x02,
    0xFF,0xFF,0xC0,0x01,0x00,0x00,0x40,0x02,0xFF,0xFF,0xC0,0x01,0x00,0x00,0x40,0x02,
    0xFF,0xFF,0xC0,0x00,0x01,0x40,0x00,0x01,0x10,0x50,0x10,0x08,0x10,0x01,0x04,0x00,
    0x2B,0xFC,0x00,0x01,0x00,0x00,0x00,0x03,0x00,0x00,0x00,0x03,0x0B,0xFF,0xFC,0x03,
    0x00,0x03,0x00,0x7F,0xF4,0x03,0x00,0x03,0x00,0x03,0x00,0x03,0x00,0x03,0x00,0x03,
    0x00,0x03,0x00,0x03,0x50,0x03,0x00,0x67,0x00,0x03,0x00,0x03,0x00,0x03,0x00,0x03,
    0x00,0x03,0x00,0x03,0x00,0x03,0x00,0x03,0x00,0x03,0x00,0x2F,0x00,0xBE,0x00,0x00,
    0x00,0x00,0x00,0x01,0x00,0x00,0x00,0x03,0x00,0x04,0x00,0x03,0x00,0x08,0x00,0x03,
    0x09,0x55,0x58,0x7F,0xE4,0x10,0x04,0x03,0x04,0x10,0x04,0x03,0x00,0x10,0x00,0x03,
    0x0F,0xFF,0xFC,0x03,0x10,0x40,0x80,0x17,0x02,0x00,0x80,0x03,0x02,0x41,0x00,0x03,
    0x00,0x1A,0x00,0x03,0x00,0x0A,0x40,0x03,0x00,0x50,0x60,0x2E,0x05,0x00,0x04,0x00,
    0x00,0x00,0x00,0x00,0x40,0x04,0x00,0x00,0xC0,0x08,0x00,0x2A,0xEB,0xFF,0xD0,0x00,
    0xC0,0x08,0xD0,0x00,0xC4,0x54,0xD0,0x1A,0xD0,0x34,0x90,0x00,0xC0,0x55,0xA2,0x00,
    0x81,0x80,0x32,0x05,0x01,0x15,0x84,0x07,0xFE,0xE4,0x00,0x0B,0xFF,0xFF,0xF8,0x00,
    0x00,0xC0,0x00,0x2F,0xFF,0xFF,0xFE,0x00,0x00,0xC0,0x00,0x00,0x1B,0x80,0x00,0x00,
    0x00,0x00,0x00,0x01,0x00,0x00,0x00,0x03,0x00,0x08,0x00,0x03,0x01,0x5A,0x54,0x03,
    0x00,0x00,0x10,0x3F,0xD0,0x40,0x10,0x03,0x00,0x10,0x80,0x03,0x0B,0xFF,0xFE,0x03,
    0x00,0x04,0x00,0x03,0x40,0x10,0x00,0x1B,0x0F,0xFF,0xFE,0x03,0x00,0x40,0x10,0x03,
    0x02,0x90,0x80,0x03,0x00,0x0B,0x40,0x03,0x00,0x54,0x60,0x1E,0x05,0x00,0x04,0x00,
    0x00,0x00,0x00,0x00,0x00,0x00,0x00,0x03,0x00,0xFF,0x40,0x03,0x02,0x01,0x00,0x03,
    0x0F,0xFF,0xF4,0x17,0x54,0x08,0x04,0x03,0x0B,0xFF,0xF4,0x03,0x04,0x08,0x04,0x03,
    0x0B,0xFF,0xF4,0x03,0x41,0x55,0x50,0x17,0x00,0x00,0x00,0x03,0x03,0xFF,0xE0,0x03,
    0x01,0x00,0x10,0x03,0x03,0xFF,0xF0,0x03,0x01,0x00,0x10,0x1E,0x03,0xFF,0xF0,0x00,
    0x00,0x00,0x00,0x00,0x00,0x00,0x00,0x03,0x00,0x08,0x00,0x03,0x0F,0xFF,0xFC,0x03,
    0x0C,0x40,0x0C,0x17,0x41,0xFB,0xF4,0x03,0x01,0x11,0x10,0x03,0x04,0xA0,0x50,0x03,
    0x02,0x80,0x40,0x03,0x42,0x3F,0xD0,0x17,0x04,0x00,0x04,0x03,0x0F,0xFF,0xF4,0x03,
    0x00,0x08,0x00,0x03,0x02,0x08,0x10,0x03,0x08,0x08,0x04,0x1E,0x00,0x38,0x00,0x00,
    0x00,0x00,0x00,0x01,0x00,0x04,0x00,0x00,0x80,0x04,0x00,0x15,0x95,0x04,0x00,0x00,
    0x00,0x1F,0xFC,0x00,0x00,0x10,0x10,0x08,0x08,0x20,0x10,0x10,0x01,0x60,0x10,0x10,
    0x04,0x40,0x10,0x02,0x10,0x04,0x40,0x00,0x90,0x04,0x80,0x00,0x90,0x02,0x00,0x01,
    0x10,0x03,0x00,0x05,0x08,0x08,0x80,0x14,0x00,0x20,0x20,0x00,0x01,0x40,0x08,0x00,
    0x00,0x00,0x00,0x00,0x00,0x00,0x00,0x00,0x80,0x05,0x90,0x2F,0xFF,0x74,0x00,0x04,
    0x04,0x70,0x00,0x04,0x04,0x70,0x00,0x01,0x10,0x70,0x00,0x3F,0xFF,0xBF,0xFC,0x00,
    0x40,0x70,0xC0,0x00,0x40,0x70,0xC0,0x3F,0xFF,0xA0,0xC0,0x00,0x40,0xA0,0xC0,0x04,
    0x44,0x90,0xC0,0x20,0x41,0xC0,0xC0,0x00,0x40,0x80,0xC0,0x02,0x81,0x00,0xC0,0x00,
    0x00,0x00,0x00,0x00,0x00,0x00,0x00,0x0F,0xFF,0xFF,0xF0,0x00,0x02,0x00,0x00,0x00,
    0x03,0x00,0x00,0x00,0x02,0x00,0x00,0x15,0x57,0x55,0x54,0x3F,0xFF,0xFF,0xFC,0x00,
    0x05,0x40,0x00,0x00,0x08,0x40,0x00,0x00,0x08,0x40,0x00,0x00,0x20,0x40,0x00,0x00,
    0x90,0x40,0x0C,0x02,0x40,0x40,0x0C,0x18,0x00,0x6F,0xF8,0x00,0x00,0x00,0x00,0x00,
    0x00,0x00,0x40,0x00,0x00,0x00,0xC0,0x3F,0xF0,0x00,0xC0,0x30,0x30,0x00,0xC0,0x30,
    0x37,0xFF,0xFC,0x30,0x30,0x00,0xC0,0x30,0x30,0x00,0xC0,0x3F,0xF0,0x40,0xC0,0x30,
    0x30,0x10,0xC0,0x30,0x30,0x10,0xC0,0x30,0x30,0x00,0xC0,0x3F,0xF0,0x00,0xC0,0x30,
    0x00,0x00,0xC0,0x10,0x00,0x00,0xC0,0x00,0x00,0x2A,0x80,0x03,0xFF,0xFF,0xE0,0x03,
    0x00,0x00,0x30,0x03,0x00,0x00,0x30,0x03,0xFF,0xFF,0xF0,0x03,0x00,0x00,0x30,0x03,
    0x00,0x00,0x30,0x03,0xFF,0xFF,0xE0,0x00,0x04,0x10,0x00,0x04,0x0C,0x30,0x10,0x02,
    0x0C,0x30,0x40,0x00,0x4C,0x31,0x00,0x00,0x0C,0x30,0x00,0x3F,0xFF,0xFF,0xFD,0x15,
    0x55,0x55,0x54,0x00,0x00,0x00,0x00,0x7F,0xFF,0xFF,0xF4,0x00,0x03,0x00,0x00,0x0F,
    0xFF,0xFF,0xF0,0x0C,0x03,0x00,0x30,0x0F,0xFF,0xFF,0xF0,0x0C,0x02,0x00,0x30,0x0C,
    0x02,0x00,0x30,0x0B,0xFF,0xFF,0xE0,0x01,0x02,0x00,0x00,0x00,0x84,0x00,0x00,0x00,
    0x38,0x00,0x00,0x00,0x56,0x90,0x00,0x15,0x00,0x1A,0xF8,0x00,0x00,0x00,0x00,0x00,
    0x00,0x00,0x00,0x00,0x04,0x00,0x00,0x00,0x04,0x00,0x00,0x2F,0xFF,0xFF,0xFC,0x00,
    0x10,0x00,0x00,0x00,0x40,0x00,0x00,0x00,0xFF,0xFF,0xC0,0x01,0x40,0x00,0x40,0x08,
    0xBF,0xFF,0xC0,0x10,0x40,0x00,0x40,0x00,0x40,0x00,0x40,0x00,0xBF,0xFF,0xC0,0x00,
    0x40,0x00,0x40,0x00,0x40,0x00,0x40,0x00,0x40,0x1A,0x80,0x00,0x00,0x00,0x00,0x00,
    0x80,0x3F,0xF4,0x19,0x95,0x70,0x34,0x0C,0x00,0x7F,0xF4,0x0C,0x00,0x60,0x34,0x0C,
    0x00,0xFF,0xF4,0x0D,0x54,0x90,0x34,0x08,0x01,0x80,0x34,0x00,0x01,0x00,0x50,0x1F,
    0xFF,0xFF,0xE0,0x00,0x03,0x00,0x00,0x0B,0xFF,0xFF,0x80,0x00,0x03,0x00,0x00,0x00,
    0x03,0x00,0x00,0xBF,0xFF,0xFF,0xFC,0x00,0x01,0x00,0x00,0x00,0x03,0x00,0x00,0x00,
    0x03,0x00,0x00,0x0F,0xFF,0xFF,0xE0,0x00,0x03,0x00,0x00,0x00,0x03,0x00,0x00,0x00,
    0x03,0x00,0x00,0x7F,0xFF,0xFF,0xF8,0x00,0x0B,0x40,0x00,0x00,0x13,0x20,0x00,0x00,
    0x43,0x08,0x00,0x01,0x03,0x02,0x00,0x08,0x03,0x00,0x50,0x50,0x03,0x00,0x08,0x00,
    0x03,0x00,0x00,0x00,0x01,0x00,0x00,0x00,0x03,0x00,0x00,0x00,0x03,0x00,0x00,0x00,
    0x03,0x00,0x00,0x7F,0xFF,0xFF,0xF8,0x00,0x07,0x10,0x00,0x00,0x13,0x10,0x00,0x00,
    0x13,0x04,0x00,0x00,0x83,0x04,0x00,0x01,0x03,0x01,0x00,0x04,0x03,0x00,0x40,0x22,
    0xFF,0xFF,0x14,0x00,0x03,0x00,0x00,0x00,0x03,0x00,0x00,0x00,0x03,0x00,0x00,0x00,
    0x40,0x00,0x00,0x00,0xC0,0xFF,0xF0,0x00,0xC0,0xC0,0x30,0x00,0xC0,0xC0,0x30,0x2F,
    0xFD,0xC0,0x30,0x01,0xC0,0xC0,0x30,0x01,0xC0,0xC0,0x30,0x01,0xD0,0xC0,0x30,0x04,
    0xD4,0xC0,0x30,0x04,0xC5,0xC0,0x30,0x20,0xC1,0x80,0x30,0x00,0xC2,0x40,0x32,0x00,
    0xC3,0x00,0x32,0x00,0xC2,0x00,0x32,0x00,0xC8,0x00,0x3E,0x00,0x00,0x00,0x00,0x00,
    0x40,0x00,0x00,0x00,0x80,0x00,0x00,0x3F,0xFF,0x35,0x5C,0x01,0x43,0x30,0x0C,0x02,
    0x03,0x30,0x0C,0x02,0x02,0x30,0x0C,0x08,0x05,0x35,0x5C,0x10,0x28,0x55,0x54,0x00,
    0x00,0x40,0x00,0x2F,0xFF,0xFF,0xF4,0x00,0x01,0x50,0x00,0x00,0x04,0x44,0x00,0x00,
    0x50,0x42,0x00,0x02,0x00,0x40,0x50,0x14,0x00,0x40,0x04,0x00,0x00,0x00,0x00,0x00,
    0x00,0x40,0x00,0x00,0x00,0x40,0x00,0x3F,0xFF,0xFF,0xFC,0x00,0x04,0x50,0x00,0x00,
    0x20,0x45,0x00,0x01,0x40,0x41,0x40,0x18,0x00,0x40,0x14,0x00,0xFF,0xFF,0x80,0x00,
    0x40,0x00,0x40,0x00,0xFF,0xFF,0x80,0x00,0x40,0x00,0x40,0x00,0xFF,0xFF,0x80,0x00,
    0x00,0x00,0x00,0x1F,0xFF,0xFF,0xFC,0x01,0x00,0x00,0x00,0x03,0x00,0x04,0x00,0x03,
    0x00,0x04,0x00,0x03,0x05,0x55,0x54,0x3F,0xF0,0x00,0x00,0x03,0x00,0x40,0x40,0x03,
    0x41,0x00,0x20,0x07,0x44,0x40,0x44,0x07,0x10,0x40,0x40,0x13,0x00,0x11,0x00,0x23,
    0x00,0x11,0x00,0x43,0x00,0x0C,0x00,0x03,0x00,0x12,0x00,0x03,0x00,0x80,0x80,0x03,
    0x05,0x00,0x18,0x00,0x00,0x00,0x00,0x00,0x00,0x00,0x00,0x03,0x01,0x00,0x20,0x03,
    0x00,0x40,0x10,0x03,0x00,0x40,0x80,0x3F,0xEB,0xFF,0xF8,0x03,0x00,0x0C,0x00,0x07,
    0x40,0x0C,0x00,0x0B,0x43,0xFF,0xF0,0x07,0x00,0x0C,0x00,0x23,0x00,0x0C,0x00,0x13,
    0x1F,0xFF,0xFC,0x03,0x00,0x0C,0x00,0x03,0x00,0x0C,0x00,0x03,0x00,0x0C,0x00,0x02,
    0x00,0x0C,0x00,0x01,0x00,0x00,0x00,0x03,0x00,0x10,0x00,0x03,0x00,0xFF,0xD0,0x03,
    0x00,0x80,0x10,0x7F,0xF6,0x10,0x80,0x03,0x08,0x11,0x00,0x07,0x40,0x0D,0x00,0x07,
    0x50,0x15,0x00,0x07,0x11,0x40,0x50,0x13,0x0B,0xFF,0xF4,0x13,0x03,0x00,0x30,0x43,
    0x03,0x00,0x30,0x03,0x03,0x00,0x30,0x03,0x03,0x00,0x30,0x03,0x03,0xFF,0xF0,0x00,
    0x00,0x00,0x00,0x00,0x00,0x00,0x00,0x00,0x00,0x40,0x00,0x1F,0xFF,0xFF,0xF8,0x10,
    0x00,0x00,0x04,0x3F,0xFF,0xFF,0xFC,0x00,0x10,0x01,0x00,0x01,0x80,0x18,0x00,0x00,
    0x1F,0xE0,0x00,0x2A,0xA4,0x01,0x50,0x00,0x00,0x40,0x00,0x3F,0xFF,0xFF,0xFC,0x00,
    0x05,0x50,0x00,0x00,0x10,0x45,0x00,0x01,0x40,0x40,0x40,0x14,0x00,0x40,0x04,0x00,
    0x00,0x00,0x00,0x00,0x00,0x80,0x00,0x00,0x00,0xFF,0xFC,0x00,0x00,0x80,0x00,0x03,
    0xFF,0xFF,0xF0,0x03,0x00,0x00,0x30,0x03,0xFF,0xFF,0xF0,0x03,0x00,0x00,0x30,0x03,
    0xFF,0xFF,0xF0,0x00,0x00,0xC0,0x00,0x2F,0xFF,0xFF,0xFD,0x00,0x04,0xD4,0x00,0x00,
    0x20,0xC1,0x00,0x01,0x40,0xC0,0x50,0x14,0x00,0xC0,0x05,0x01,0x00,0x04,0x00,0x03,
    0x00,0x0C,0x00,0x03,0x04,0x0C,0x08,0x03,0x01,0x0C,0x10,0x7F,0xF1,0x0C,0x10,0x03,
    0x00,0x0C,0x40,0x07,0x8B,0xFF,0xF8,0x07,0x10,0x00,0x0C,0x07,0x10,0x00,0x0C,0x13,
    0x00,0x00,0x0C,0x13,0x0B,0xFF,0xFC,0x43,0x00,0x00,0x0C,0x03,0x00,0x00,0x0C,0x03,
    0x0B,0xFF,0xFC,0x03,0x00,0x00,0x0C,0x00,0x00,0x00,0x00,0x03,0x00,0x08,0x00,0x03,
    0x00,0x14,0x00,0x17,0x50,0x41,0x00,0x03,0x01,0x00,0x40,0x03,0x09,0xFF,0x90,0x07,
    0x50,0x00,0x04,0x07,0x50,0x00,0x00,0x13,0x01,0x04,0x10,0x23,0x01,0x04,0x10,0x43,
    0x01,0x04,0x40,0x03,0x00,0x00,0x40,0x03,0x00,0x01,0x00,0x03,0x1F,0xFF,0xFC,0x03,
    0x00,0x00,0x00,0x00,0x01,0x00,0x00,0x10,0x01,0x00,0x00,0x08,0x01,0x00,0x00,0x02,
    0x0B,0xFF,0xFC,0x00,0x08,0x00,0x18,0x00,0x14,0x20,0x20,0x00,0x20,0x20,0x20,0x00,
    0x00,0x30,0x40,0x00,0x40,0x30,0x00,0x02,0x00,0x54,0x00,0x04,0x00,0x84,0x00,0x04,
    0x01,0x41,0x00,0x20,0x05,0x01,0x00,0x00,0x14,0x00,0x50,0x00,0x80,0x00,0x18,0x00,
    0x00,0x00,0x00,0x00,0x00,0x40,0x00,0x00,0x00,0xC0,0x00,0x00,0x00,0xC0,0x00,0x00,
    0x00,0xC0,0x00,0x02,0x00,0xC0,0x00,0x03,0x00,0xC0,0x00,0x03,0x00,0xFF,0xF8,0x03,
    0x00,0xC0,0x00,0x03,0x00,0xC0,0x00,0x03,0x00,0xC0,0x00,0x03,0x00,0xC0,0x00,0x03,
    0x00,0xC0,0x00,0x03,0x00,0xC0,0x00,0x3F,0xFF,0xFF,0xFC,0x15,0x55,0x55,0x54,0x00,
    0x00,0x00,0x00,0x14,0x03,0xFF,0x00,0x02,0x01,0x01,0x00,0x00,0x01,0x01,0x00,0x00,
    0x01,0x01,0x00,0x00,0x04,0x01,0x40,0x14,0x14,0x00,0xB4,0x00,0x40,0x00,0x00,0x00,
    0x3F,0xFF,0xD0,0x00,0x04,0x00,0x80,0x02,0x02,0x01,0x00,0x01,0x00,0x45,0x00,0x08,
    0x00,0x70,0x00,0x10,0x01,0x48,0x00,0x20,0x54,0x01,0x90,0x00,0x00,0x00,0x04,0x00,
    0x00,0x00,0x00,0x04,0x00,0x0C,0x00,0x01,0x40,0x0C,0x00,0x00,0x00,0x0C,0x00,0x00,
    0x0B,0xFF,0xF4,0x10,0x00,0x0C,0x00,0x05,0x00,0x0C,0x00,0x00,0x1F,0xFF,0xFC,0x00,
    0x00,0x24,0x00,0x00,0x40,0x20,0x00,0x00,0x40,0x40,0x40,0x02,0x00,0x40,0x40,0x04,
    0x02,0x00,0x20,0x08,0x0D,0x55,0x54,0x10,0x00,0x00,0x04,0x00,0x01,0x00,0x00,0x00,
    0x01,0x00,0x00,0x00,0x02,0xFF,0xFC,0x00,0x01,0x00,0x00,0x00,0x01,0x00,0x00,0x03,
    0xFF,0xFF,0xE0,0x03,0x00,0x00,0x30,0x03,0x00,0x00,0x30,0x03,0x00,0x00,0x30,0x03,
    0x00,0x00,0x30,0x03,0xFF,0xFF,0xE0,0x00,0x00,0x00,0x00,0x01,0x04,0x10,0x10,0x04,
    0x08,0x00,0x04,0x04,0x08,0x08,0x04,0x10,0x00,0x00,0x00,0x00,0x00,0x00,0x00,0x00,
    0x40,0x0C,0x00,0x15,0x55,0x0C,0x00,0x0B,0xFD,0xAE,0xB0,0x04,0x01,0x08,0x30,0x05,
    0x55,0x08,0x30,0x1F,0xFD,0x2C,0x30,0x00,0x14,0x1C,0x30,0x00,0x40,0x22,0x30,0x2A,
    0xE9,0x20,0x32,0x00,0x40,0x80,0x26,0x01,0x41,0x00,0x09,0x00,0x00,0x00,0x40,0x04,
    0x04,0x20,0x20,0x04,0x04,0x10,0x04,0x00,0x00,0x00,0x00,0x00,0x00,0x00,0x00,0x05,
    0x04,0x00,0x00,0x00,0x15,0x1F,0xFF,0xC0,0x0A,0x07,0x00,0x30,0x05,0x81,0xC0,0x0C,
    0x04,0x14,0x70,0x03,0x00,0x03,0x1C,0x00,0xC0,0x02,0xC7,0x00,0x30,0x01,0x71,0xC2,
    0xB8,0x01,0x0C,0x70,0x00,0x02,0x03,0x1C,0x00,0x00,0x00,0x87,0x00,0x00,0x00,0x61,
    0xC0,0x01,0x00,0x24,0x70,0x00,0x81,0xF8,0x0F,0xFF,0x90,0x00,0x00,0x00,0x00,0x00,
    0x40,0x10,0x00,0x00,0xC0,0x30,0x40,0x00,0xC0,0x30,0x40,0x10,0xC0,0x30,0x20,0x08,
    0xC0,0x20,0x00,0x01,0xDF,0xFF,0xF8,0x00,0xC0,0x34,0x00,0x00,0xC0,0x24,0x00,0x02,
    0xC0,0x24,0x00,0x08,0xC0,0x54,0x00,0x20,0xC0,0x81,0x00,0x00,0xC0,0x41,0x00,0x00,
    0xC2,0x00,0x80,0x00,0xC8,0x00,0x20,0x00,0xD0,0x00,0x08,0x00,0x00,0x00,0x00,0x00,
    0x01,0x55,0x50,0x3F,0xF1,0x55,0x50,0x03,0x00,0x00,0x00,0x03,0x00,0x00,0x00,0x03,
    0x00,0x00,0x00,0x2F,0xEA,0xEB,0xA8,0x03,0x00,0x41,0x00,0x03,0x00,0x41,0x00,0x03,
    0x00,0x81,0x00,0x03,0x00,0x81,0x00,0x03,0x50,0x41,0x00,0x24,0x01,0x01,0x00,0x00,
    0x05,0x01,0x01,0x00,0x14,0x00,0xFC,0x00,0x00,0x00,0x00,0x00,0x00,0x00,0x00,0x00,
    0x40,0xC0,0x00,0x00,0x40,0xC0,0x00,0x01,0x00,0xC0,0x00,0x03,0xFF,0xFF,0xF8,0x04,
    0x00,0xC0,0x00,0x04,0x00,0xC0,0x00,0x00,0x00,0xC0,0x00,0x03,0xFF,0xFF,0xF0,0x00,
    0x00,0xC0,0x00,0x00,0x00,0xC0,0x00,0x00,0x00,0xC0,0x00,0x00,0x00,0xC0,0x00,0x00,
    0x00,0xC0,0x00,0x3F,0xFF,0xFF,0xFE,0x00,0x00,0x00,0x00,0x07,0xFF,0xFF,0xF4,0x07,
    0x00,0xC0,0x34,0x07,0x00,0xC0,0x34,0x07,0xFF,0xFF,0xF4,0x07,0x00,0xC0,0x34,0x06,
    0x00,0xC0,0x34,0x06,0x00,0xC0,0x34,0x07,0xFF,0xFF,0xF4,0x05,0x00,0xC0,0x34,0x09,
    0x00,0xC0,0x34,0x0C,0x00,0xC0,0x34,0x14,0x00,0xC0,0x34,0x20,0x00,0x86,0xB0,0x00,
    0x00,0x00,0x00,0x00,0x01,0x00,0x00,0x00,0x03,0x00,0x00,0x00,0x03,0x00,0x00,0x0F,
    0xFF,0xFF,0xF0,0x0C,0x03,0x00,0x30,0x0C,0x03,0x00,0x30,0x0F,0xFF,0xFF,0xF0,0x0C,
    0x03,0x00,0x30,0x0C,0x03,0x00,0x30,0x0C,0x03,0x00,0x30,0x0F,0xFF,0xFF,0xF0,0x0C,
    0x03,0x00,0x00,0x00,0x03,0x00,0x02,0x00,0x02,0x00,0x01,0x00,0x01,0xFF,0xE8,0x00,
    0x00,0x00,0x00,0x0F,0xFF,0xFF,0xC0,0x0C,0x03,0x00,0xC0,0x0C,0x03,0x00,0xC0,0x0F,
    0xFF,0xFF,0xC0,0x0C,0x03,0x00,0xC0,0x0F,0xFF,0xFF,0xC0,0x00,0x18,0x20,0x00,0x00,
    0x50,0x08,0x00,0x02,0x10,0x05,0x40,0x14,0x20,0x0C,0x14,0x00,0x20,0x0C,0x00,0x00,
    0x80,0x0C,0x00,0x01,0x80,0x0C,0x00,0x09,0x00,0x0C,0x00,0x00,0x00,0x00,0x00,0x00,
    0x00,0x00,0x00,0x26,0x50,0x10,0x00,0x33,0x30,0x3F,0xE0,0x33,0x30,0x80,0x10,0x33,
    0x36,0x10,0x40,0x33,0x34,0x05,0x40,0x3F,0xF0,0x06,0x00,0x33,0x30,0x14,0x40,0x33,
    0x30,0x80,0x20,0x33,0x3A,0xFF,0xF4,0x33,0x31,0xC0,0x30,0x3F,0xF1,0xC0,0x30,0x30,
    0x01,0xC0,0x30,0x10,0x01,0xC0,0x30,0x00,0x01,0xFF,0xF0,0x00,0x00,0x00,0x00,0x00,
    0x00,0x00,0x00,0x00,0x40,0x10,0x00,0x01,0x00,0x40,0x00,0x3F,0xFC,0xFF,0xF0,0x30,
    0x0C,0x40,0x24,0x30,0x0D,0x00,0x20,0x30,0x0D,0x00,0x20,0x30,0x0C,0x50,0x30,0x3F,
    0xFC,0x10,0x30,0x30,0x0C,0x08,0x30,0x30,0x0C,0x00,0x30,0x30,0x0C,0x00,0x30,0x30,
    0x0C,0x00,0x20,0x3F,0xF8,0x00,0x50,0x30,0x00,0x1A,0xC0,0x00,0x00,0x40,0x00,0x00,
    0x00,0xC0,0x00,0x00,0x00,0xC0,0x00,0x07,0xFF,0xFF,0xFC,0x07,0x00,0xC0,0x10,0x07,
    0x00,0xC0,0x20,0x07,0x00,0xC0,0x00,0x07,0xFF,0xFF,0xE0,0x07,0x10,0x00,0x10,0x06,
    0x04,0x00,0x80,0x0A,0x01,0x01,0x00,0x0D,0x01,0x05,0x00,0x0C,0x00,0x74,0x00,0x18,
    0x01,0x94,0x00,0x20,0x54,0x01,0x50,0x01,0x00,0x00,0x05,0x00,0x00,0x04,0x00,0x25,
    0x40,0x0C,0x00,0x30,0xC0,0x0C,0x00,0x30,0xDF,0xFF,0xFD,0x30,0xC0,0x0C,0x00,0x3F,
    0xC8,0x0C,0x20,0x30,0xCC,0x0C,0x30,0x30,0xCC,0x0C,0x30,0x3F,0xCC,0x0C,0x30,0x30,
    0xCC,0x0C,0x30,0x30,0xCB,0xFF,0xF0,0x30,0xC0,0x0C,0x30,0x3F,0xC0,0x0C,0x00,0x30,
    0x00,0x0C,0x02,0x00,0x00,0x0B,0xAD,0x00,0x00,0x00,0x00,0x00,0x02,0x55,0x50,0x3F,
    0xC3,0x00,0x30,0x30,0xC3,0x00,0x30,0x30,0xC3,0x00,0x30,0x3F,0xC3,0x5D,0x50,0x30,
    0xC3,0x08,0x00,0x30,0xC3,0x08,0x00,0x3F,0xC3,0xAF,0xA8,0x30,0xC3,0x05,0x00,0x30,
    0xC3,0x02,0x00,0x30,0xC3,0x02,0x00,0x3F,0xC3,0x02,0x04,0x30,0x03,0x00,0x88,0x00,
    0x0B,0x94,0x78,0x00,0x00,0x00,0x00,0x00,0x02,0x55,0x50,0x3F,0xC7,0x55,0x70,0x30,
    0xC7,0x00,0x30,0x30,0xC7,0x55,0x70,0x3F,0xC7,0x00,0x30,0x30,0xC7,0x00,0x30,0x30,
    0xC7,0x55,0x70,0x3F,0xC7,0x10,0x00,0x30,0xC7,0x04,0x04,0x30,0xC7,0x04,0x50,0x30,
    0xC7,0x03,0x00,0x3F,0xC7,0x01,0x40,0x30,0x07,0x00,0x50,0x00,0x0B,0x94,0x08,0x00,
    0x04,0x00,0x00,0x00,0x40,0x01,0x00,0x00,0x20,0x04,0x00,0x0F,0xFF,0xFF,0xE0,0x00,
    0x01,0x00,0x00,0x07,0xFF,0xFF,0xD0,0x00,0x04,0x00,0x00,0x3F,0xFF,0xFF,0xF4,0x00,
    0x10,0x00,0x00,0x00,0xFF,0xFF,0xC0,0x01,0x80,0x00,0x40,0x04,0xFF,0xFF,0xC0,0x20,
    0x40,0x00,0x40,0x00,0xFF,0xFF,0xC0,0x00,0x40,0x00,0x40,0x00,0xFF,0xFF,0xC0,0x00,
    0x00,0x00,0x00,0x00,0x00,0x05,0x90,0x3F,0xC6,0x9C,0x00,0x30,0xC0,0x0C,0x00,0x30,
    0xD6,0x5D,0x90,0x3F,0xC3,0x0C,0xC0,0x30,0xC3,0x0C,0xC0,0x30,0xD7,0x5D,0xD4,0x3F,
    0xC3,0x0C,0xC0,0x30,0xC3,0x0C,0xC0,0x30,0xDF,0xFF,0xF4,0x30,0xC5,0x5D,0x50,0x3F,
    0xC0,0x0C,0x00,0x30,0x00,0x0C,0x00,0x00,0x0F,0xFF,0xF4,0x00,0x00,0x00,0x00,0x04,
    0x03,0xFF,0xF8,0x10,0x00,0x00,0x00,0x27,0x50,0x00,0x00,0x23,0x02,0xFF,0xF0,0x43,
    0x01,0x00,0x10,0x03,0x01,0x00,0x10,0x57,0x51,0x00,0x10,0x02,0x02,0xFF,0xF0,0x03,
    0x00,0x00,0x00,0x06,0x40,0x40,0x50,0x08,0x40,0x40,0x40,0x08,0x20,0x10,0x40,0x20,
    0x00,0x01,0x00,0x40,0x0F,0xFF,0xF8,0x00,0x00,0x00,0x00,0x15,0x50,0x40,0x00,0x02,
    0x00,0xBF,0xC0,0x01,0x01,0x41,0x00,0x04,0x03,0x5A,0x58,0x04,0x0B,0xFF,0xFC,0x0D,
    0x57,0x0C,0x0C,0x18,0x13,0xFF,0xFC,0x14,0x13,0x0C,0x0C,0x04,0x13,0x0C,0x0C,0x04,
    0x17,0xFF,0xFC,0x04,0x16,0x0C,0x0C,0x0F,0xD9,0x0C,0x0C,0x04,0x0C,0x0C,0x0C,0x00,
    0x14,0x0C,0xBC,0x00,0x00,0x00,0x00,0x03,0xFF,0xFF,0xF0,0x00,0x00,0x00,0x00,0x00,
    0x00,0x00,0x00,0x00,0x00,0x00,0x00,0x2F,0xFF,0xFF,0xF8,0x00,0x00,0x40,0x00,0x00,
    0x00,0x40,0x00,0x00,0x80,0x40,0x40,0x01,0x00,0x40,0x10,0x04,0x00,0x40,0x10,0x14,
    0x00,0x40,0x04,0x00,0x00,0x40,0x00,0x00,0x1A,0x40,0x00,0x00,0x00,0x00,0x00,0x00,
    0x01,0x00,0x00,0x00,0x02,0x00,0x00,0x3F,0xFF,0xFF,0xFC,0x30,0x00,0x00,0x0C,0x30,
    0x10,0x04,0x0C,0x10,0x40,0x01,0x40,0x05,0x00,0x00,0x10,0x00,0x00,0x00,0x00,0x0B,
    0xFF,0xFF,0xC0,0x00,0x03,0x00,0x00,0x00,0x03,0x00,0x00,0x00,0x03,0x00,0x00,0x00,
    0x03,0x00,0x00,0x3F,0xFF,0xFF,0xF4,0x00,0x00,0x00,0x00,0x01,0x00,0x10,0x00,0x0F,
    0xFF,0xFF,0xFD,0x20,0x42,0x02,0x00,0x00,0x00,0x40,0x00,0x07,0xFF,0xFF,0xE0,0x00,
    0x00,0x40,0x00,0x00,0x01,0x80,0x00,0x3F,0xFF,0xFF,0xFD,0x00,0x00,0x03,0x00,0x2F,
    0xFF,0xFF,0xFC,0x00,0x40,0x03,0x00,0x00,0x14,0x03,0x00,0x00,0x04,0x03,0x00,0x00,
    0x00,0x6A,0x00,0x00,0x21,0x95,0x50,0x0C,0x30,0x40,0x40,0x0C,0x30,0x40,0x40,0x0C,
    0x30,0x15,0x00,0x0C,0x30,0x69,0x00,0x04,0x35,0x00,0x50,0x00,0x14,0x00,0x00,0x00,
    0x40,0x60,0x00,0x02,0xBF,0x40,0x00,0x01,0x65,0x57,0xC0,0x0F,0xFF,0xEA,0xA0,0x00,
    0x11,0x05,0x00,0x00,0x41,0x00,0x50,0x05,0x0B,0x00,0x10,0x00,0x00,0x00,0x00,0x00,
    0x00,0x00,0x00,0x01,0x00,0x00,0x00,0x02,0x0B,0xFF,0xC0,0x04,0x00,0x80,0x40,0x08,
    0x10,0x80,0x40,0x10,0x50,0xC1,0x00,0x7A,0x80,0xC3,0xF8,0x01,0x00,0x90,0x10,0x04,
    0x00,0x50,0x20,0x09,0x51,0x04,0x10,0x34,0x01,0x04,0x80,0x00,0x01,0x03,0x00,0x01,
    0x54,0x06,0x40,0x14,0x08,0x14,0x50,0x00,0x15,0x80,0x08,0x00,0x00,0x00,0x00,0x00,
    0x00,0x10,0x00,0x02,0x00,0x21,0x40,0x01,0x00,0x20,0x00,0x08,0x00,0x31,0x50,0x04,
    0x11,0x74,0x00,0x20,0x80,0x20,0x00,0x66,0x00,0x20,0x50,0x01,0x01,0x79,0x00,0x08,
    0x00,0x14,0x04,0x25,0x40,0x08,0x20,0x10,0x00,0x08,0x80,0x00,0x00,0x0E,0x00,0x05,
    0x50,0x19,0x04,0x10,0x01,0x42,0x0C,0x00,0x04,0x00,0xB8,0x00,0x00,0x00,0x00,0x01,
    0x02,0x03,0x00,0x01,0x03,0x13,0x04,0x01,0x03,0x13,0x10,0x04,0x13,0x13,0x10,0x10,
    0x43,0x03,0x00,0x3A,0xC3,0xFF,0xFC,0x01,0x03,0x07,0x40,0x04,0x03,0x07,0x10,0x04,
    0x13,0x13,0x10,0x29,0x43,0x53,0x04,0x00,0x03,0x43,0x00,0x00,0x53,0x02,0x00,0x15,
    0x03,0xFF,0xFD,0x00,0x00,0x00,0x00,0x00,0x40,0x0C,0x00,0x01,0x00,0x0C,0x04,0x01,
    0x02,0xFF,0xE0,0x04,0x00,0x0C,0x50,0x04,0x10,0x0D,0x40,0x21,0x8F,0xFF,0xFE,0x15,
    0x40,0x14,0x00,0x01,0x00,0xFF,0xF0,0x04,0x46,0xC0,0x30,0x39,0x00,0xC0,0x30,0x00,
    0x00,0xFF,0xF0,0x00,0x10,0xC0,0x30,0x15,0x00,0xC0,0x30,0x00,0x00,0xFF,0xF0,0x00,
    0x00,0x00,0x00,0x00,0x00,0x00,0x00,0x01,0x00,0x08,0x00,0x02,0x02,0xFF,0xE0,0x01,
    0x00,0x08,0x00,0x08,0x17,0xFF,0xF8,0x10,0x80,0x00,0x14,0x37,0x40,0x44,0x20,0x01,
    0x00,0x24,0x00,0x08,0x01,0x44,0x00,0x15,0x90,0x04,0x00,0x34,0x0B,0xFF,0xFC,0x00,
    0x00,0x04,0x00,0x01,0x40,0x21,0x40,0x24,0x00,0x80,0x50,0x00,0x05,0x00,0x08,0x00,
    0x00,0x00,0x00,0x00,0x00,0x00,0x10,0x01,0x0A,0xAA,0x40,0x01,0x00,0x10,0x20,0x04,
    0x01,0x04,0x50,0x04,0x26,0x55,0xD4,0x20,0x4F,0xFF,0xF8,0x66,0x40,0x40,0x00,0x01,
    0x1F,0xFF,0xFC,0x08,0x01,0x00,0x00,0x21,0x93,0xFF,0xE0,0x24,0x02,0x40,0x40,0x00,
    0x01,0x40,0x40,0x00,0x58,0x16,0x00,0x14,0x14,0x1D,0x00,0x00,0x51,0x40,0x54,0x00,
    0x00,0x00,0x00,0x00,0x00,0x00,0x00,0x00,0x40,0x04,0x00,0x01,0x0F,0xFF,0xFC,0x01,
    0x0C,0x00,0x05,0x04,0x08,0x00,0x00,0x04,0x51,0x7F,0xFC,0x35,0x82,0x01,0x00,0x01,
    0x06,0x3F,0xF4,0x01,0x15,0x10,0x04,0x09,0x41,0x10,0x04,0x30,0x01,0x3F,0xF8,0x00,
    0x01,0x10,0x04,0x01,0x91,0x10,0x04,0x24,0x01,0x10,0x04,0x00,0x01,0x3F,0xFC,0x00,
    0x00,0x00,0x00,0x0F,0xFF,0xFF,0xF0,0x04,0x04,0x00,0x10,0x0F,0xFF,0xFF,0xF0,0x00,
    0x01,0x00,0x00,0x3F,0xFF,0xFF,0xF4,0x00,0x01,0x00,0x00,0x02,0xFF,0xFF,0x80,0x01,
    0x00,0x00,0x40,0x02,0x55,0x55,0x80,0x02,0xFF,0xFF,0x80,0x01,0x00,0x00,0x40,0x02,
    0xFF,0xFF,0x80,0x01,0x00,0x00,0x40,0x3F,0xFF,0xFF,0xFC,0x2F,0xFF,0xFF,0xF8,0x00,
    0x01,0x00,0x00,0x0B,0xFF,0xFF,0xF0,0x04,0x04,0x10,0x10,0x04,0x04,0x10,0x10,0x04,
    0x04,0x10,0x10,0x04,0x04,0x10,0x10,0x04,0x00,0x01,0x90,0x00,0x08,0x00,0x00,0x3F,
    0xFF,0xFF,0xFC,0x00,0x50,0x04,0x00,0x01,0x80,0x14,0x00,0x00,0x16,0xE0,0x00,0x00,
    0x54,0x05,0x50,0x15,0x00,0x00,0x04,0x00,0x40,0x00,0x00,0x00,0xC0,0x00,0x90,0x2F,
    0xFC,0x0D,0x00,0x00,0xC0,0x5C,0x00,0x00,0xC0,0x0C,0x00,0x1F,0xF8,0x0C,0x64,0x00,
    0xC0,0xAD,0x00,0x00,0xC0,0x0C,0x00,0x2F,0xFD,0x0C,0x00,0x01,0xD0,0x0C,0x55,0x04,
    0xD5,0x5D,0x00,0x04,0xC4,0x0C,0x00,0x10,0xC0,0x0C,0x02,0x00,0xC0,0x08,0x02,0x00,
    0xC0,0x0B,0xFD,0x00,0x00,0x00,0x00,0x0F,0xF4,0x03,0x00,0x0C,0x34,0x03,0x00,0x0C,
    0x34,0x03,0x00,0x0C,0x34,0x03,0x00,0x0D,0x74,0x03,0x00,0x0C,0x35,0xFF,0xFD,0x0C,
    0x34,0x03,0x00,0x1C,0x34,0x03,0x00,0x1F,0xF4,0x03,0x00,0x18,0x34,0x03,0x00,0x24,
    0x34,0x03,0x00,0x20,0x34,0x03,0x00,0x20,0x34,0x03,0x00,0x41,0xF7,0xFF,0xFE,0x00,
    0x00,0x00,0x00,0x00,0x00,0x00,0x00,0x00,0x01,0x00,0x00,0x00,0x01,0x00,0x00,0x07,
    0xFF,0xFF,0xF0,0x07,0x00,0x00,0x30,0x07,0x00,0x00,0x30,0x07,0xFF,0xFF,0xF0,0x07,
    0x00,0x00,0x30,0x07,0x00,0x00,0x30,0x07,0x00,0x00,0x30,0x07,0xFF,0xFF,0xF0,0x07,
    0x00,0x00,0x30,0x07,0x00,0x00,0x30,0x07,0xFF,0xFF,0xF0,0x07,0x00,0x00,0x30,0x00,
    0x20,0x08,0x00,0x00,0x30,0x0C,0x00,0x3F,0xFF,0xFF,0xFC,0x00,0x30,0x0C,0x00,0x00,
    0x30,0x0C,0x00,0x00,0x00,0x00,0x00,0x1F,0xFF,0xFF,0xD0,0x00,0x04,0x00,0xD0,0x00,
    0x04,0x00,0xD0,0x00,0x04,0x00,0xD0,0x00,0x04,0x00,0xD0,0x00,0x04,0x00,0xD0,0x00,
    0x04,0x1A,0xC0,0x00,0x04,0x00,0x00,0x00,0x04,0x00,0x00,0x00,0x40,0x00,0x00,0x01,
    0x03,0xFF,0xF8,0x08,0x00,0x00,0x00,0x20,0x00,0x00,0x00,0x00,0x50,0x00,0x00,0x00,
    0x40,0x00,0x00,0x03,0x0F,0xFF,0xFC,0x0B,0x00,0x00,0x40,0x23,0x00,0x00,0x40,0x03,
    0x00,0x00,0x40,0x03,0x00,0x00,0x40,0x03,0x00,0x00,0x40,0x03,0x00,0x00,0x40,0x03,
    0x00,0x00,0x40,0x03,0x00,0x2A,0x80,0x00,0x00,0x00,0x00,0x01,0x00,0x0C,0x00,0x01,
    0x00,0x0C,0x00,0x7F,0xF7,0x5D,0x5C,0x00,0x57,0x0C,0x04,0x00,0xC7,0x0C,0x04,0x01,
    0x47,0x0C,0x00,0x03,0x27,0xFF,0xF0,0x0B,0xC6,0x40,0x20,0x23,0x56,0x10,0x10,0x13,
    0x19,0x10,0x80,0x03,0x09,0x06,0x00,0x03,0x08,0x0A,0x00,0x03,0x08,0x60,0x80,0x03,
    0x16,0x00,0x18,0x00,0x00,0x00,0x00,0x05,0x55,0x55,0x50,0x2F,0xFF,0xFF,0xF8,0x00,
    0x0C,0x30,0x00,0x00,0x0C,0x30,0x00,0x0F,0xFF,0xFF,0xF0,0x1C,0x08,0x30,0x30,0x1C,
    0x14,0x30,0x30,0x1C,0x20,0x30,0x30,0x1C,0x80,0x2F,0xF4,0x1D,0x00,0x00,0x30,0x1C,
    0x00,0x00,0x30,0x1C,0x00,0x00,0x30,0x1F,0xFF,0xFF,0xF0,0x1C,0x00,0x00,0x30,0x2F,
    0xFF,0xFF,0xF8,0x00,0x00,0x10,0x00,0x00,0x00,0x10,0x00,0x0F,0xFF,0xFF,0xF0,0x04,
    0x00,0x10,0x10,0x04,0x00,0x10,0x10,0x0F,0xFF,0xFF,0xF0,0x00,0x04,0x00,0x00,0x3F,
    0xFF,0xFF,0xF8,0x00,0x10,0x01,0x00,0x00,0x40,0x08,0x00,0x01,0x54,0x60,0x00,0x00,
    0x06,0xD4,0x00,0x15,0x50,0x01,0xA0,0x00,0x00,0x00,0x00,0x00,0x00,0x00,0x00,0x02,
    0x02,0x00,0x80,0x00,0x40,0x01,0x00,0x2F,0xFF,0xFF,0xF8,0x30,0x00,0x00,0x0C,0x30,
    0x00,0x00,0x0C,0x23,0xFF,0xFF,0xC8,0x03,0x01,0x00,0xC0,0x03,0x03,0x00,0xC0,0x03,
    0x02,0x00,0xC0,0x03,0x02,0x00,0xC0,0x02,0x05,0x40,0x80,0x00,0x08,0x40,0x00,0x00,
    0x50,0x40,0x08,0x05,0x00,0x3B,0xF8,0x00,0x00,0x00,0x00,0x00,0x00,0x04,0x00,0x05,
    0x00,0x0C,0x00,0x01,0x40,0x0C,0x00,0x00,0x40,0x0C,0x00,0x00,0x00,0x0C,0x00,0x16,
    0x00,0x0C,0x00,0x03,0x0F,0xFF,0xFC,0x03,0x00,0x0C,0x00,0x03,0x00,0x0C,0x00,0x03,
    0x00,0x0C,0x00,0x03,0x00,0x0C,0x00,0x03,0x00,0x0C,0x00,0x03,0x50,0x0C,0x00,0x03,
    0x40,0x0C,0x00,0x00,0x00,0x0C,0x00,0x00,0x00,0x00,0x00,0x08,0x00,0xFF,0x80,0x02,
    0x00,0x40,0x40,0x00,0x80,0x40,0x40,0x00,0x00,0x40,0x40,0x00,0x01,0x00,0x40,0x7F,
    0x05,0x00,0x7C,0x03,0x04,0x00,0x00,0x03,0x07,0xFF,0xF0,0x03,0x01,0x00,0x20,0x03,
    0x00,0x40,0x40,0x03,0x00,0x50,0x40,0x03,0x00,0x1A,0x00,0x03,0x90,0x2D,0x00,0x0B,
    0x01,0x80,0x90,0x00,0x04,0x00,0x04,0x00,0x00,0x00,0x00,0x04,0x00,0x02,0x10,0x01,
    0x00,0x02,0x04,0x00,0x00,0x02,0x00,0x00,0x1F,0xFF,0xFD,0x15,0x00,0x03,0x00,0x03,
    0x00,0x03,0x00,0x03,0x0F,0xF7,0x00,0x03,0x00,0xC2,0x00,0x03,0x00,0xC2,0x00,0x03,
    0x00,0xC1,0x40,0x03,0x00,0xC0,0x80,0x03,0x91,0xD0,0xC1,0x07,0x04,0x00,0x50,0x00,
    0x00,0x00,0x28,0x00,0x00,0x00,0x00,0x00,0x00,0x00,0x00,0x08,0x0F,0xFF,0xFC,0x02,
    0x0C,0x04,0x0C,0x00,0x4C,0x0C,0x0C,0x00,0x0C,0xFF,0x8C,0x00,0x0C,0x0C,0x0C,0x17,
    0x0C,0x0C,0x0C,0x03,0x0E,0xFF,0xDC,0x03,0x0C,0x00,0x0C,0x03,0x0C,0xFF,0xCC,0x03,
    0x1C,0xC0,0xCC,0x03,0x18,0xC0,0xCC,0x03,0xA4,0xFF,0x8C,0x03,0x30,0x40,0x0C,0x00,
    0x50,0x00,0xFC,0x00,0x00,0x00,0x00,0x00,0x00,0x00,0x00,0x2F,0xF8,0x10,0x00,0x30,
    0x0C,0x10,0x00,0x32,0x0C,0x3F,0xF8,0x33,0x0C,0x40,0x10,0x33,0x0C,0x80,0x40,0x33,
    0x0C,0xC0,0x40,0x33,0x0D,0x10,0x40,0x32,0x0C,0x10,0x40,0x32,0x0C,0x11,0x00,0x32,
    0x0C,0x06,0x00,0x05,0x00,0x06,0x00,0x08,0x10,0x05,0x40,0x14,0x14,0x20,0x50,0x50,
    0x05,0x40,0x18,0x00,0x00,0x00,0x00,0x00,0x00,0x00,0x00,0x00,0xC1,0xFF,0xFC,0x00,
    0xC0,0x0C,0x00,0x1F,0xFD,0x08,0x00,0x00,0xC0,0x14,0x00,0x00,0xC0,0x20,0x04,0x15,
    0xD6,0x81,0xE0,0x00,0xC0,0x55,0x50,0x08,0xC0,0xC0,0x0C,0x08,0xFD,0xC0,0x0C,0x0C,
    0xC0,0xC0,0x0C,0x0C,0xC0,0xC0,0x0C,0x19,0xC0,0xBF,0xF8,0x21,0xC0,0x00,0x00,0x20,
    0x2F,0xFF,0xFD,0x00,0x00,0x00,0x00,0x00,0x00,0x00,0x00,0x00,0x01,0x00,0x00,0x03,
    0xFF,0xFF,0x00,0x03,0x00,0x03,0x00,0x03,0xFF,0xFF,0x00,0x03,0x00,0x03,0x00,0x03,
    0x00,0x03,0x00,0x03,0xFF,0xFF,0x04,0x03,0x00,0x03,0x50,0x3F,0xFF,0xFF,0x80,0x15,
    0x55,0x5B,0x00,0x00,0x00,0x23,0x00,0x00,0x01,0x43,0x00,0x00,0x54,0x03,0x00,0x15,
    0x00,0xFF,0x00,0x00,0x00,0x00,0x00,0x00,0x00,0x00,0x00,0x01,0x00,0x01,0x00,0x01,
    0x00,0x01,0x00,0x3F,0xF9,0xFF,0xF8,0x01,0x00,0x08,0x00,0x04,0x40,0x04,0x00,0x04,
    0x43,0xFF,0xFC,0x15,0xD0,0x20,0x00,0x00,0x40,0x3F,0xF0,0x00,0x40,0x00,0x20,0x00,
    0x94,0x00,0x40,0x29,0x80,0x10,0x40,0x00,0x40,0x0A,0x00,0x00,0x40,0x01,0x40,0x00,
    0x40,0x00,0x50,0x00,0x00,0x00,0x00,0x00,0x00,0x20,0x00,0x04,0x00,0x20,0x00,0x01,
    0x00,0x20,0x00,0x00,0x1F,0xFF,0xFC,0x00,0x00,0x60,0x0C,0x7E,0x00,0x50,0x0C,0x03,
    0x00,0x80,0x0C,0x03,0x00,0x80,0x18,0x03,0x01,0x40,0x18,0x03,0x02,0x00,0x24,0x03,
    0x08,0x00,0x30,0x07,0x00,0x0B,0xE0,0x18,0xD0,0x00,0x00,0x50,0x1A,0xAA,0xAA,0x00,
    0x00,0x00,0x00,0x00,0x00,0x00,0x00,0x14,0x0B,0xFF,0xE0,0x02,0x00,0x00,0x00,0x00,
    0x00,0x00,0x00,0x00,0x15,0x55,0x54,0x7E,0x00,0x40,0x00,0x03,0x00,0x41,0x00,0x03,
    0x01,0x00,0x40,0x03,0x01,0x00,0x40,0x03,0x04,0x00,0x20,0x03,0x0E,0x55,0x54,0x07,
    0x00,0x00,0x00,0x18,0x90,0x00,0x00,0x20,0x1A,0xAA,0xBC,0x00,0x00,0x00,0x00,0x00,
    0x00,0x00,0x00,0x04,0x02,0x55,0x50,0x05,0x03,0x00,0x00,0x01,0x03,0x00,0x00,0x00,
    0x03,0x00,0x00,0x00,0x03,0x55,0x54,0x3F,0x03,0x03,0x00,0x03,0x06,0x03,0x00,0x03,
    0x06,0x03,0x00,0x03,0x09,0x03,0x00,0x03,0x08,0x03,0x00,0x03,0x08,0x03,0x00,0x07,
    0x60,0x03,0x00,0x28,0xA0,0x00,0x00,0x10,0x0A,0xAA,0xA8,0x00,0x00,0x05,0xA0,0x08,
    0x0E,0x94,0x00,0x02,0x0C,0x00,0x00,0x00,0x0C,0x00,0x00,0x00,0x0F,0xFF,0xF0,0x00,
    0x0C,0x00,0x10,0x3F,0x0C,0x40,0x40,0x03,0x18,0x15,0x00,0x03,0x14,0x0A,0x00,0x03,
    0x20,0x20,0x80,0x03,0x51,0x40,0x20,0x07,0x00,0x00,0x00,0x29,0xD0,0x00,0x00,0x10,
    0x1A,0xAA,0xE8,0x00,0x00,0x80,0x80,0x08,0x00,0xC0,0xC0,0x02,0x00,0xC0,0xC0,0x00,
    0x1F,0xFF,0xFC,0x00,0x00,0xC0,0xC0,0x16,0x00,0xC0,0xC0,0x03,0x1F,0xFF,0xFD,0x03,
    0x00,0x80,0xC0,0x03,0x01,0x40,0xC0,0x03,0x02,0x00,0xC0,0x03,0x05,0x00,0xC0,0x07,
    0x84,0x00,0x40,0x14,0x64,0x00,0x00,0x10,0x06,0xAA,0xA9,0x04,0x0F,0xFF,0xE0,0x05,
    0x0C,0x00,0x30,0x01,0x0C,0x00,0x30,0x00,0x0F,0xFF,0xF0,0x00,0x0C,0x00,0x30,0x15,
    0x0C,0x00,0x30,0x03,0x0F,0xFF,0xE0,0x03,0x0C,0x04,0x14,0x03,0x0C,0x03,0x80,0x03,
    0x0C,0x00,0x40,0x03,0x0E,0x90,0x10,0x07,0x58,0x00,0x00,0x18,0xA0,0x00,0x00,0x10,
    0x0A,0xAA,0xA9,0x7F,0xFF,0x3F,0xFC,0x03,0x30,0x00,0x0C,0x03,0x30,0x00,0x0C,0x3F,
    0xFF,0x00,0x0C,0x33,0x33,0x00,0x0C,0x32,0x33,0x3F,0xFC,0x32,0x33,0x30,0x0C,0x38,
    0x3F,0x30,0x00,0x30,0x03,0x30,0x00,0x3F,0xFF,0x30,0x00,0x30,0x03,0x30,0x00,0x30,
    0x03,0x30,0x02,0x3F,0xFF,0x30,0x01,0x30,0x03,0x3F,0xEC,0x3F,0xFF,0xFF,0xFC,0x03,
    0x30,0xC0,0x0C,0x03,0x30,0xD5,0x5C,0x3F,0xFD,0xC0,0x0C,0x33,0x3D,0xC0,0x0C,0x32,
    0x3D,0xBF,0xF8,0x35,0x3D,0x13,0x00,0x38,0x1D,0x7F,0xF8,0x30,0x0D,0x03,0x00,0x35,
    0x5D,0x03,0x00,0x30,0x0D,0xBF,0xF4,0x30,0x0D,0x03,0x00,0x35,0x5D,0x03,0x00,0x30,
    0x0F,0xFF,0xFD,0x00,0x00,0x5A,0x80,0x1A,0xA9,0x40,0x00,0x00,0x04,0x00,0x00,0x04,
    0x02,0x00,0x80,0x02,0x02,0x01,0x00,0x00,0x01,0x01,0x00,0x00,0x03,0x00,0x00,0x7F,
    0xFF,0xFF,0xF8,0x00,0x0B,0x40,0x00,0x00,0x23,0x10,0x00,0x00,0x83,0x05,0x00,0x02,
    0x03,0x01,0x40,0x14,0x03,0x00,0x14,0x00,0x03,0x00,0x00,0x00,0x00,0x01,0x40,0x0A,
    0xAB,0x94,0x00,0x00,0x03,0x00,0x00,0x7F,0xFF,0xFF,0xF8,0x00,0x03,0x00,0x00,0x0B,
    0xFF,0xFF,0xC0,0x0C,0x03,0x00,0xC0,0x0F,0xFF,0xFF,0xC0,0x0C,0x03,0x00,0xC0,0x0F,
    0xFF,0xFF,0xC0,0x00,0x03,0x00,0x00,0x0F,0xFF,0xFF,0xE0,0x00,0x03,0x00,0x00,0x00,
    0x03,0x00,0x00,0xBF,0xFF,0xFF,0xFC,0x00,0x00,0x00,0x00,0x03,0xFF,0xFF,0xC0,0x01,
    0x00,0x00,0x40,0x02,0x00,0x00,0x80,0x03,0xFF,0xFF,0xC0,0x00,0x00,0x00,0x00,0x00,
    0x00,0x00,0x00,0x07,0xFF,0xFF,0xE0,0x04,0x01,0x00,0x10,0x07,0xFF,0xFF,0xE0,0x05,
    0x01,0x40,0x20,0x00,0x01,0x40,0x00,0x0B,0xFF,0xFF,0xF0,0x00,0x01,0x00,0x00,0x3F,
    0xFF,0xFF,0xFC,0x00,0x00,0x00,0x00,0x08,0x00,0x0C,0x00,0x04,0x00,0x0C,0x00,0x2F,
    0xF4,0x0C,0x00,0x40,0x02,0x5D,0x58,0x2F,0xF7,0x0C,0x0C,0x03,0x03,0x0C,0x0C,0x03,
    0x03,0x0C,0x0C,0x17,0x57,0x0C,0x0C,0x03,0x07,0xFF,0xFC,0x03,0x02,0x0C,0x0C,0x03,
    0x00,0x0C,0x00,0x03,0x00,0x0C,0x00,0x03,0x50,0x0C,0x00,0x06,0x00,0x0C,0x00,0x00,
    0x00,0x00,0x40,0x08,0x00,0x40,0xC0,0x09,0x50,0x40,0xC0,0x25,0x52,0xFF,0xF8,0x10,
    0x00,0x40,0xC0,0x06,0x50,0x40,0xC0,0x03,0x03,0xFF,0xFC,0x03,0x00,0x00,0x00,0x03,
    0x01,0x55,0x50,0x3F,0xF7,0x00,0x20,0x03,0x03,0x00,0x10,0x03,0x03,0xFF,0xF0,0x03,
    0x03,0x00,0x10,0x03,0x53,0x00,0x10,0x06,0x03,0xFF,0xF0,0x00,0x00,0x00,0x00,0x00,
    0x00,0x01,0x00,0x04,0x05,0x43,0x00,0x08,0x05,0xFF,0xFC,0x19,0x40,0x43,0x0C,0x20,
    0x01,0x3F,0xFE,0x16,0x41,0x03,0x0C,0x03,0x0F,0xFF,0xFC,0x03,0x00,0x43,0x00,0x03,
    0x00,0x43,0x00,0x3F,0xE4,0x6B,0xA4,0x03,0x05,0x03,0x00,0x03,0x03,0x7F,0xFC,0x03,
    0x02,0x83,0x00,0x03,0x58,0x63,0x00,0x0A,0x20,0x0B,0xFD,0x00,0x00,0x00,0x00,0x00,
    0x00,0x00,0x00,0x00,0xC0,0x00,0x40,0x00,0xC0,0x01,0x00,0x00,0xC0,0x04,0x00,0x00,
    0xC0,0x50,0x00,0x00,0xC2,0x00,0x00,0x00,0xC0,0x00,0x00,0x3F,0xFF,0xFF,0xFC,0x00,
    0xC0,0x40,0x00,0x00,0xC0,0x10,0x00,0x00,0xC0,0x10,0x00,0x00,0xC0,0x08,0x00,0x00,
    0xC0,0x02,0x00,0x00,0xC1,0x40,0x50,0x00,0xD4,0x00,0x04,0x00,0x00,0x00,0x00,0x00,
    0x00,0x00,0x00,0x01,0x0B,0xFF,0xFC,0x00,0x40,0x00,0x0C,0x00,0x00,0x00,0x0C,0x0C,
    0x00,0x00,0x0C,0x0C,0x2F,0xFC,0x0C,0x0C,0x30,0x0C,0x0C,0x0C,0x30,0x0C,0x0C,0x0C,
    0x3F,0xFC,0x0C,0x0C,0x30,0x0C,0x0C,0x0C,0x30,0x0C,0x0C,0x0C,0x30,0x0C,0x0C,0x0C,
    0x2F,0xFC,0x0C,0x0C,0x00,0x00,0x0C,0x0C,0x00,0x00,0xBC,0x2A,0xA7,0xFF,0xFC,0x30,
    0x10,0x04,0x00,0x30,0x80,0x00,0x00,0x30,0x40,0x10,0x00,0x31,0x03,0xFF,0xF0,0x31,
    0x43,0x00,0x30,0x30,0x83,0x00,0x30,0x30,0x13,0x00,0x30,0x30,0x23,0xFF,0xF0,0x30,
    0x63,0x00,0x30,0x36,0x83,0x00,0x30,0x30,0x03,0x00,0x30,0x30,0x03,0xFF,0xF4,0x30,
    0x03,0x00,0x30,0x00,0x00,0x00,0x00,0x00,0x00,0x00,0x00,0x25,0x60,0x40,0x00,0x30,
    0x50,0xFF,0xD0,0x30,0x81,0x40,0x40,0x31,0x04,0x15,0x00,0x32,0x00,0x19,0x00,0x30,
    0x81,0x40,0x54,0x30,0x60,0x04,0x00,0x30,0x27,0xFF,0xF4,0x30,0x20,0x04,0x00,0x30,
    0x50,0x04,0x00,0x31,0x04,0x04,0x00,0x30,0x0B,0xFF,0xF8,0x30,0x00,0x04,0x00,0x20,
    0x00,0x04,0x00,0x00,0x00,0x00,0x00,0x2F,0xE0,0x0C,0x00,0x30,0x40,0x21,0x00,0x30,
    0x80,0x80,0x50,0x31,0x05,0x00,0x18,0x32,0x02,0xFF,0xF0,0x30,0x80,0x0C,0x00,0x30,
    0x50,0x0C,0x00,0x30,0x3F,0xFF,0xFC,0x30,0x20,0x0C,0x00,0x33,0xD2,0x0C,0x50,0x30,
    0x01,0x0C,0x10,0x30,0x08,0x0C,0x08,0x30,0x10,0x0C,0x00,0x30,0x00,0xAC,0x00,0x00,
    0x00,0x00,0x00,0x00,0x00,0x00,0x00,0x2F,0xE0,0x04,0x00,0x30,0x50,0x04,0x00,0x30,
    0x8B,0xFF,0xF8,0x30,0x40,0x40,0x10,0x31,0x00,0x40,0x40,0x30,0x40,0x40,0x40,0x30,
    0x8F,0xFF,0xFC,0x30,0x20,0x00,0x00,0x30,0x23,0xFF,0xE0,0x30,0x67,0x00,0x30,0x31,
    0x47,0x00,0x30,0x30,0x07,0x00,0x30,0x30,0x07,0x00,0x30,0x30,0x07,0xFF,0xF0,0x00,
    0x00,0x00,0x00,0x00,0x00,0x00,0x00,0x35,0x40,0x04,0x00,0x30,0x11,0xFF,0xFE,0x30,
    0x04,0x10,0x00,0x31,0x04,0x20,0x00,0x31,0x00,0xBF,0xFC,0x32,0x01,0x70,0x0C,0x30,
    0xDC,0x3F,0xFC,0x30,0xCC,0x30,0x0C,0x30,0x8C,0x3F,0xFC,0x31,0x8C,0x30,0x0C,0x30,
    0x0C,0x30,0x0C,0x30,0x0E,0x30,0x7C,0x30,0x01,0xD0,0x00,0x30,0x00,0x2E,0xAA,0x00,
    0x00,0x00,0x00,0x0B,0xFF,0xFF,0xE0,0x00,0x01,0x00,0x00,0x1F,0xFF,0xFF,0xF8,0x10,
    0x01,0x00,0x08,0x11,0x55,0x15,0x48,0x07,0xF5,0x2F,0xD0,0x00,0x01,0x00,0x00,0x2F,
    0xFF,0xFF,0xFC,0x00,0x02,0x00,0x00,0x07,0xFF,0xFF,0xF0,0x04,0x04,0x10,0x10,0x04,
    0x04,0x10,0x10,0x04,0x04,0x10,0x10,0x04,0x04,0x10,0xE0,0x00,0x00,0x00,0x00,0x00,
    0x40,0x00,0x00,0x00,0xC0,0x04,0x00,0x2F,0xFE,0x1F,0xE0,0x00,0xC0,0x10,0x40,0x05,
    0xD5,0x81,0x80,0x00,0xC0,0xBF,0xF4,0x15,0x95,0x01,0x04,0x0E,0xAE,0xFF,0xFD,0x0C,
    0x0D,0x01,0x04,0x0F,0xFD,0x01,0x04,0x0C,0x0D,0x6B,0xA4,0x0F,0xFD,0x01,0x00,0x0C,
    0x0D,0x01,0x00,0x0C,0x0D,0x01,0x00,0x0C,0x2C,0x3D,0x00,0x2F,0xFF,0xFF,0xFC,0x00,
    0x02,0x00,0x00,0x00,0x06,0x00,0x00,0x0F,0xFF,0xFF,0xF0,0x04,0x10,0x04,0x10,0x04,
    0x10,0x04,0x10,0x04,0x3F,0xF8,0x10,0x04,0x10,0x04,0x10,0x04,0x3F,0xFC,0x10,0x04,
    0x10,0x04,0x10,0x04,0x10,0x04,0x10,0x0F,0xFF,0xFF,0xF0,0x09,0x55,0x55,0x60,0x00,
    0x00,0x00,0x00,0x00,0x01,0x00,0x00,0x0F,0xFF,0xFF,0xF0,0x00,0x40,0x01,0x00,0x00,
    0x10,0x01,0x00,0x00,0x10,0x08,0x00,0x3F,0xFF,0xFF,0xFC,0x00,0x00,0x00,0x00,0x01,
    0xFF,0xFF,0x80,0x01,0x00,0x00,0x40,0x01,0x00,0x00,0x40,0x03,0xFF,0xFF,0xC0,0x01,
    0x00,0x00,0x40,0x01,0x00,0x00,0x40,0x03,0xFF,0xFF,0xC0,0x00,0x00,0x00,0x00,0x1F,
    0xFF,0xFF,0xFC,0x00,0x00,0x40,0x00,0x00,0x02,0x00,0x00,0x02,0xFF,0xFF,0xC0,0x01,
    0x00,0x00,0x40,0x01,0x00,0x40,0x40,0x01,0x00,0x40,0x40,0x01,0x00,0x40,0x40,0x01,
    0x00,0x40,0x40,0x01,0x00,0x40,0x40,0x01,0x02,0x00,0x40,0x00,0x05,0x09,0x00,0x00,
    0x60,0x01,0x80,0x15,0x00,0x00,0x14,0x00,0x00,0x00,0x00,0x00,0x40,0x00,0x00,0x01,
    0x40,0xBF,0xFC,0x01,0x50,0x02,0x00,0x04,0x10,0x01,0x00,0x04,0x08,0x7F,0xF4,0x21,
    0x01,0x40,0x04,0x00,0x40,0x41,0x04,0x00,0x00,0x41,0x04,0x2F,0xFC,0x41,0x04,0x00,
    0x14,0x41,0x04,0x00,0x30,0x41,0x04,0x04,0x80,0x41,0x04,0x06,0x40,0x04,0x40,0x01,
    0x40,0x14,0x10,0x00,0x50,0x50,0x08,0x00,0x00,0x00,0x00,0x00,0x00,0x00,0x00,0x00,
    0x40,0xBF,0xFC,0x0C,0x50,0x02,0x00,0x0C,0x54,0x02,0x00,0x0C,0x40,0x3F,0xF4,0x1D,
    0x95,0x00,0x04,0x7F,0xFF,0x01,0x04,0x00,0xC0,0x01,0x04,0x08,0xC1,0x01,0x04,0x04,
    0xC4,0x01,0x04,0x20,0xC4,0x01,0x04,0x00,0x10,0x01,0x04,0x00,0x50,0x04,0x40,0x01,
    0x40,0x14,0x20,0x18,0x00,0x50,0x08,0x00,0x00,0x00,0x00,0x00,0x00,0x00,0x00,0x00,
    0x00,0x80,0x00,0x00,0x01,0x20,0x00,0x00,0x14,0x05,0x00,0x00,0x80,0x40,0x80,0x0B,
    0xFF,0xFF,0xD9,0x11,0xC0,0x00,0xC0,0x01,0xFF,0xFF,0xC0,0x01,0xC0,0x00,0xC0,0x01,
    0xC0,0x00,0xC0,0x01,0xFF,0xFF,0x90,0x01,0xC0,0x40,0x40,0x01,0xC0,0x19,0x00,0x01,
    0xC0,0x06,0x00,0x01,0xD5,0x40,0x90,0x01,0x40,0x00,0x10,0x01,0x00,0x01,0x00,0x05,
    0x00,0x92,0x20,0x08,0x05,0xC2,0x08,0x0F,0xF0,0xC2,0x05,0x14,0x20,0xC2,0x00,0x20,
    0x5F,0xFF,0xFE,0x50,0x40,0xC2,0x00,0x03,0x00,0xC2,0x04,0x03,0x00,0xC2,0x10,0x03,
    0x01,0xD1,0x50,0x03,0x04,0xC1,0xC0,0x03,0x00,0xC1,0xC0,0x03,0x10,0xC1,0x83,0x03,
    0x80,0xC8,0x52,0x01,0x0F,0x90,0x2D,0x00,0x00,0x00,0x00,0x00,0xC0,0x00,0x00,0x00,
    0xC0,0x00,0x00,0x00,0xC0,0x00,0x00,0x00,0xC0,0x00,0x00,0x00,0xC0,0x00,0x00,0x00,
    0x80,0x00,0x00,0x00,0x80,0x00,0x00,0x00,0x80,0x00,0x00,0x00,0x00,0x00,0x00,0x00,
    0x00,0x00,0x00,0x00,0x40,0x00,0x00,0x00,0xC0,0x00,0x00,0x00,0x00,0x00,0x04,0x00,
    0x00,0x00,0x14,0x00,0x00,0x00,0x20,0x00,0x00,0x00,0x80,0x00,0x00,0x00,0x80,0x00,
    0x00,0x01,0x40,0x00,0x00,0x02,0x00,0x00,0x00,0x02,0x00,0x00,0x00,0x02,0x00,0x00,
    0x00,0x02,0x00,0x00,0x00,0x01,0x40,0x00,0x00,0x00,0x80,0x00,0x00,0x00,0x80,0x00,
    0x00,0x00,0x20,0x00,0x00,0x00,0x04,0x00,0x00,0x00,0x00,0x10,0x00,0x00,0x00,0x14,
    0x00,0x00,0x00,0x08,0x00,0x00,0x00,0x02,0x00,0x00,0x00,0x02,0x00,0x00,0x00,0x01,
    0x40,0x00,0x00,0x00,0x80,0x00,0x00,0x00,0x80,0x00,0x00,0x00,0x80,0x00,0x00,0x00,
    0x80,0x00,0x00,0x01,0x40,0x00,0x00,0x02,0x00,0x00,0x00,0x02,0x00,0x00,0x00,0x08,
    0x00,0x00,0x00,0x10,0x00,0x00,0x00,0x00,0x00,0x00,0x00,0x03,0x40,0x00,0x00,0x03,
    0xC0,0x00,0x00,0x00,0x80,0x00,0x00,0x02,0x00,0x00,0x00,0x05,0x00,0x00,0x00,0x00,
    0x00,0x00,0x00,0x00,0x0B,0xE0,0x00,0x00,0x24,0x18,0x00,0x00,0x50,0x05,0x00,0x00,
    0x80,0x02,0x00,0x00,0x80,0x02,0x00,0x00,0x80,0x02,0x00,0x00,0x80,0x02,0x00,0x00,
    0x80,0x02,0x00,0x00,0x80,0x02,0x00,0x00,0x50,0x05,0x00,0x00,0x20,0x08,0x00,0x00,
    0x0B,0xE0,0x00,0x00,0x06,0x40,0x00,0x00,0x05,0x80,0x00,0x00,0x00,0x80,0x00,0x00,
    0x00,0x80,0x00,0x00,0x00,0x80,0x00,0x00,0x00,0x80,0x00,0x00,0x00,0x80,0x00,0x00,
    0x00,0x80,0x00,0x00,0x00,0x80,0x00,0x00,0x00,0x80,0x00,0x00,0x00,0x80,0x00,0x00,
    0x7F,0xFF,0x00,0x00,0x0A,0xE0,0x00,0x00,0x60,0x18,0x00,0x00,0x40,0x04,0x00,0x00,
    0x00,0x05,0x00,0x00,0x00,0x04,0x00,0x00,0x00,0x08,0x00,0x00,0x00,0x10,0x00,0x00,
    0x00,0x50,0x00,0x00,0x01,0x40,0x00,0x00,0x05,0x00,0x00,0x00,0x10,0x00,0x00,0x00,
    0xBF,0xFF,0x00,0x00,0x0A,0xE4,0x00,0x00,0x20,0x09,0x00,0x00,0x00,0x02,0x00,0x00,
    0x00,0x02,0x00,0x00,0x00,0x08,0x00,0x00,0x03,0xE0,0x00,0x00,0x00,0x18,0x00,0x00,
    0x00,0x02,0x00,0x00,0x00,0x02,0x00,0x00,0x00,0x02,0x00,0x00,0x50,0x09,0x00,0x00,
    0x1B,0xF4,0x00,0x00,0x00,0x08,0x00,0x00,0x00,0x28,0x00,0x00,0x00,0x88,0x00,0x00,
    0x01,0x4C,0x00,0x00,0x01,0x0C,0x00,0x00,0x08,0x0C,0x00,0x00,0x20,0x0C,0x00,0x00,
    0x40,0x0C,0x00,0x00,0xBF,0xFF,0x80,0x00,0x00,0x0C,0x00,0x00,0x00,0x0C,0x00,0x00,
    0x00,0x0C,0x00,0x00,0x00,0x00,0x00,0x00,0x3F,0xFD,0x00,0x00,0x50,0x00,0x00,0x00,
    0x40,0x00,0x00,0x00,0x40,0x00,0x00,0x00,0x8A,0x90,0x00,0x00,0x50,0x1C,0x00,0x00,
    0x00,0x06,0x00,0x00,0x00,0x03,0x00,0x00,0x00,0x03,0x00,0x00,0x00,0x02,0x00,0x00,
    0x80,0x0C,0x00,0x00,0x1B,0xA0,0x00,0x00,0x07,0xF4,0x00,0x00,0x2C,0x05,0x00,0x00,
    0x70,0x00,0x00,0x00,0xE0,0x00,0x00,0x00,0xC0,0x00,0x00,0x00,0xCA,0xA4,0x00,0x01,
    0xE0,0x09,0x00,0x01,0xC0,0x03,0x00,0x00,0xC0,0x02,0x00,0x00,0xE0,0x02,0x00,0x00,
    0x34,0x09,0x00,0x00,0x0B,0xA4,0x00,0x00,0xFF,0xFE,0x00,0x00,0x00,0x01,0x00,0x00,
    0x00,0x08,0x00,0x00,0x00,0x10,0x00,0x00,0x00,0x10,0x00,0x00,0x00,0x80,0x00,0x00,
    0x00,0x80,0x00,0x00,0x01,0x40,0x00,0x00,0x02,0x00,0x00,0x00,0x02,0x00,0x00,0x00,
    0x02,0x00,0x00,0x00,0x02,0x00,0x00,0x00,0x00,0x00,0x00,0x00,0x0A,0xE0,0x00,0x00,
    0x24,0x0D,0x00,0x00,0x50,0x02,0x00,0x00,0x10,0x02,0x00,0x00,0x20,0x05,0x00,0x00,
    0x09,0x04,0x00,0x00,0x20,0x24,0x00,0x00,0x80,0x02,0x00,0x00,0x80,0x02,0x00,0x00,
    0xC0,0x02,0x00,0x00,0x60,0x06,0x00,0x00,0x1B,0xB4,0x00,0x00,0x0A,0xE0,0x00,0x00,
    0x20,0x2C,0x00,0x00,0x80,0x0B,0x00,0x00,0x80,0x03,0x00,0x00,0xC0,0x03,0x40,0x00,
    0x80,0x03,0x40,0x00,0x34,0x1B,0x40,0x00,0x0A,0x93,0x00,0x00,0x00,0x07,0x00,0x00,
    0x00,0x0D,0x00,0x00,0x40,0x38,0x00,0x00,0x2F,0xD0,0x00,0x02,0x80,0x00,0x00,0x03,
    0x80,0x00,0x00,0x00,0x00,0x00,0x00,0x00,0x00,0x00,0x00,0x00,0x00,0x00,0x00,0x00,
    0x00,0x00,0x00,0x00,0x00,0x00,0x00,0x00,0x00,0x00,0x00,0x02,0x80,0x00,0x00,0x03,
    0x80,0x00,0x00,0x02,0x80,0x00,0x00,0x03,0x80,0x00,0x00,0x00,0x00,0x00,0x00,0x00,
    0x00,0x00,0x00,0x00,0x00,0x00,0x00,0x00,0x00,0x00,0x00,0x00,0x00,0x00,0x00,0x01,
    0x80,0x00,0x00,0x02,0xC0,0x00,0x00,0x00,0x80,0x00,0x00,0x00,0x80,0x00,0x00,0x02,
    0x00,0x00,0x00,0x00,0x00,0x00,0x00,0x0B,0xE0,0x00,0x00,0x20,0x18,0x00,0x00,0x00,
    0x0C,0x00,0x00,0x00,0x08,0x00,0x00,0x00,0x14,0x00,0x00,0x00,0x50,0x00,0x00,0x00,
    0x40,0x00,0x00,0x02,0x00,0x00,0x00,0x01,0x00,0x00,0x00,0x00,0x00,0x00,0x00,0x01,
    0x00,0x00,0x00,0x03,0x00,0x00,0x00,0x01,0x00,0x01,0x00,0x01,0x40,0x05,0x00,0x00,
    0x80,0x08,0x00,0x00,0x20,0x20,0x00,0x00,0x14,0x10,0x00,0x00,0x08,0x80,0x00,0x00,
    0xAB,0xA8,0x00,0x00,0x02,0x00,0x00,0x00,0xFF,0xFC,0x00,0x00,0x02,0x00,0x00,0x00,
    0x02,0x00,0x00,0x00,0x02,0x00,0x00,
};

static const lv_font_fmt_txt_glyph_dsc_t glyph_dsc[] = {
    {.bitmap_index = 0, .adv_w = 0, .box_w = 0, .box_h = 0, .ofs_x = 0, .ofs_y = 0}, /* 0 */
    {.bitmap_index = 0, .adv_w = 64, .box_w = 0, .box_h = 0, .ofs_x = 0, .ofs_y = 0}, /* 1 */
    {.bitmap_index = 0, .adv_w = 80, .box_w = 5, .box_h = 12, .ofs_x = 0, .ofs_y = 0}, /* 2 */
    {.bitmap_index = 15, .adv_w = 80, .box_w = 5, .box_h = 13, .ofs_x = 0, .ofs_y = 0}, /* 3 */
    {.bitmap_index = 32, .adv_w = 128, .box_w = 8, .box_h = 12, .ofs_x = 0, .ofs_y = 0}, /* 4 */
    {.bitmap_index = 56, .adv_w = 128, .box_w = 8, .box_h = 16, .ofs_x = 0, .ofs_y = -2}, /* 5 */
    {.bitmap_index = 88, .adv_w = 224, .box_w = 14, .box_h = 12, .ofs_x = 0, .ofs_y = 0}, /* 6 */
    {.bitmap_index = 130, .adv_w = 144, .box_w = 10, .box_h = 12, .ofs_x = 0, .ofs_y = 0}, /* 7 */
    {.bitmap_index = 160, .adv_w = 48, .box_w = 3, .box_h = 13, .ofs_x = 0, .ofs_y = 0}, /* 8 */
    {.bitmap_index = 170, .adv_w = 64, .box_w = 4, .box_h = 18, .ofs_x = 0, .ofs_y = -4}, /* 9 */
    {.bitmap_index = 188, .adv_w = 64, .box_w = 4, .box_h = 18, .ofs_x = 0, .ofs_y = -4}, /* 10 */
    {.bitmap_index = 206, .adv_w = 112, .box_w = 7, .box_h = 13, .ofs_x = 0, .ofs_y = 0}, /* 11 */
    {.bitmap_index = 229, .adv_w = 144, .box_w = 9, .box_h = 11, .ofs_x = 0, .ofs_y = 0}, /* 12 */
    {.bitmap_index = 254, .adv_w = 64, .box_w = 4, .box_h = 5, .ofs_x = 0, .ofs_y = -3}, /* 13 */
    {.bitmap_index = 259, .adv_w = 80, .box_w = 5, .box_h = 5, .ofs_x = 0, .ofs_y = 0}, /* 14 */
    {.bitmap_index = 266, .adv_w = 48, .box_w = 3, .box_h = 2, .ofs_x = 0, .ofs_y = 0}, /* 15 */
    {.bitmap_index = 268, .adv_w = 96, .box_w = 7, .box_h = 16, .ofs_x = 0, .ofs_y = -3}, /* 16 */
    {.bitmap_index = 296, .adv_w = 128, .box_w = 8, .box_h = 12, .ofs_x = 0, .ofs_y = 0}, /* 17 */
    {.bitmap_index = 320, .adv_w = 128, .box_w = 8, .box_h = 12, .ofs_x = 0, .ofs_y = 0}, /* 18 */
    {.bitmap_index = 344, .adv_w = 128, .box_w = 8, .box_h = 12, .ofs_x = 0, .ofs_y = 0}, /* 19 */
    {.bitmap_index = 368, .adv_w = 128, .box_w = 8, .box_h = 12, .ofs_x = 0, .ofs_y = 0}, /* 20 */
    {.bitmap_index = 392, .adv_w = 128, .box_w = 8, .box_h = 12, .ofs_x = 0, .ofs_y = 0}, /* 21 */
    {.bitmap_index = 416, .adv_w = 128, .box_w = 8, .box_h = 12, .ofs_x = 0, .ofs_y = 0}, /* 22 */
    {.bitmap_index = 440, .adv_w = 128, .box_w = 8, .box_h = 12, .ofs_x = 0, .ofs_y = 0}, /* 23 */
    {.bitmap_index = 464, .adv_w = 128, .box_w = 8, .box_h = 12, .ofs_x = 0, .ofs_y = 0}, /* 24 */
    {.bitmap_index = 488, .adv_w = 128, .box_w = 8, .box_h = 12, .ofs_x = 0, .ofs_y = 0}, /* 25 */
    {.bitmap_index = 512, .adv_w = 128, .box_w = 8, .box_h = 12, .ofs_x = 0, .ofs_y = 0}, /* 26 */
    {.bitmap_index = 536, .adv_w = 48, .box_w = 3, .box_h = 9, .ofs_x = 0, .ofs_y = 0}, /* 27 */
    {.bitmap_index = 543, .adv_w = 48, .box_w = 3, .box_h = 12, .ofs_x = 0, .ofs_y = -3}, /* 28 */
    {.bitmap_index = 552, .adv_w = 144, .box_w = 9, .box_h = 10, .ofs_x = 0, .ofs_y = 0}, /* 29 */
    {.bitmap_index = 575, .adv_w = 128, .box_w = 8, .box_h = 9, .ofs_x = 0, .ofs_y = 0}, /* 30 */
    {.bitmap_index = 593, .adv_w = 144, .box_w = 9, .box_h = 10, .ofs_x = 0, .ofs_y = 0}, /* 31 */
    {.bitmap_index = 616, .adv_w = 112, .box_w = 7, .box_h = 12, .ofs_x = 0, .ofs_y = 0}, /* 32 */
    {.bitmap_index = 637, .adv_w = 240, .box_w = 15, .box_h = 15, .ofs_x = 0, .ofs_y = -3}, /* 33 */
    {.bitmap_index = 694, .adv_w = 144, .box_w = 10, .box_h = 12, .ofs_x = 0, .ofs_y = 0}, /* 34 */
    {.bitmap_index = 724, .adv_w = 176, .box_w = 11, .box_h = 12, .ofs_x = 0, .ofs_y = 0}, /* 35 */
    {.bitmap_index = 757, .adv_w = 160, .box_w = 10, .box_h = 12, .ofs_x = 0, .ofs_y = 0}, /* 36 */
    {.bitmap_index = 787, .adv_w = 176, .box_w = 11, .box_h = 12, .ofs_x = 0, .ofs_y = 0}, /* 37 */
    {.bitmap_index = 820, .adv_w = 144, .box_w = 9, .box_h = 12, .ofs_x = 0, .ofs_y = 0}, /* 38 */
    {.bitmap_index = 847, .adv_w = 144, .box_w = 9, .box_h = 12, .ofs_x = 0, .ofs_y = 0}, /* 39 */
    {.bitmap_index = 874, .adv_w = 176, .box_w = 11, .box_h = 12, .ofs_x = 0, .ofs_y = 0}, /* 40 */
    {.bitmap_index = 907, .adv_w = 192, .box_w = 12, .box_h = 12, .ofs_x = 0, .ofs_y = 0}, /* 41 */
    {.bitmap_index = 943, .adv_w = 80, .box_w = 5, .box_h = 12, .ofs_x = 0, .ofs_y = 0}, /* 42 */
    {.bitmap_index = 958, .adv_w = 144, .box_w = 9, .box_h = 12, .ofs_x = 0, .ofs_y = 0}, /* 43 */
    {.bitmap_index = 985, .adv_w = 160, .box_w = 10, .box_h = 12, .ofs_x = 0, .ofs_y = 0}, /* 44 */
    {.bitmap_index = 1015, .adv_w = 144, .box_w = 9, .box_h = 12, .ofs_x = 0, .ofs_y = 0}, /* 45 */
    {.bitmap_index = 1042, .adv_w = 208, .box_w = 13, .box_h = 12, .ofs_x = 0, .ofs_y = 0}, /* 46 */
    {.bitmap_index = 1081, .adv_w = 192, .box_w = 12, .box_h = 12, .ofs_x = 0, .ofs_y = 0}, /* 47 */
    {.bitmap_index = 1117, .adv_w = 192, .box_w = 12, .box_h = 12, .ofs_x = 0, .ofs_y = 0}, /* 48 */
    {.bitmap_index = 1153, .adv_w = 160, .box_w = 10, .box_h = 12, .ofs_x = 0, .ofs_y = 0}, /* 49 */
    {.bitmap_index = 1183, .adv_w = 192, .box_w = 12, .box_h = 15, .ofs_x = 0, .ofs_y = -3}, /* 50 */
    {.bitmap_index = 1228, .adv_w = 160, .box_w = 10, .box_h = 12, .ofs_x = 0, .ofs_y = 0}, /* 51 */
    {.bitmap_index = 1258, .adv_w = 144, .box_w = 9, .box_h = 12, .ofs_x = 0, .ofs_y = 0}, /* 52 */
    {.bitmap_index = 1285, .adv_w = 144, .box_w = 9, .box_h = 12, .ofs_x = 0, .ofs_y = 0}, /* 53 */
    {.bitmap_index = 1312, .adv_w = 192, .box_w = 12, .box_h = 12, .ofs_x = 0, .ofs_y = 0}, /* 54 */
    {.bitmap_index = 1348, .adv_w = 144, .box_w = 9, .box_h = 12, .ofs_x = 0, .ofs_y = 0}, /* 55 */
    {.bitmap_index = 1375, .adv_w = 208, .box_w = 13, .box_h = 12, .ofs_x = 0, .ofs_y = 0}, /* 56 */
    {.bitmap_index = 1414, .adv_w = 128, .box_w = 8, .box_h = 12, .ofs_x = 0, .ofs_y = 0}, /* 57 */
    {.bitmap_index = 1438, .adv_w = 112, .box_w = 9, .box_h = 12, .ofs_x = -1, .ofs_y = 0}, /* 58 */
    {.bitmap_index = 1465, .adv_w = 144, .box_w = 9, .box_h = 12, .ofs_x = 0, .ofs_y = 0}, /* 59 */
    {.bitmap_index = 1492, .adv_w = 64, .box_w = 4, .box_h = 16, .ofs_x = 0, .ofs_y = -3}, /* 60 */
    {.bitmap_index = 1508, .adv_w = 96, .box_w = 7, .box_h = 16, .ofs_x = 0, .ofs_y = -3}, /* 61 */
    {.bitmap_index = 1536, .adv_w = 64, .box_w = 4, .box_h = 16, .ofs_x = 0, .ofs_y = -3}, /* 62 */
    {.bitmap_index = 1552, .adv_w = 128, .box_w = 8, .box_h = 12, .ofs_x = 0, .ofs_y = 0}, /* 63 */
    {.bitmap_index = 1576, .adv_w = 144, .box_w = 9, .box_h = 2, .ofs_x = 0, .ofs_y = -2}, /* 64 */
    {.bitmap_index = 1581, .adv_w = 144, .box_w = 9, .box_h = 14, .ofs_x = 0, .ofs_y = 0}, /* 65 */
    {.bitmap_index = 1613, .adv_w = 144, .box_w = 9, .box_h = 9, .ofs_x = 0, .ofs_y = 0}, /* 66 */
    {.bitmap_index = 1634, .adv_w = 144, .box_w = 9, .box_h = 14, .ofs_x = 0, .ofs_y = 0}, /* 67 */
    {.bitmap_index = 1666, .adv_w = 128, .box_w = 8, .box_h = 9, .ofs_x = 0, .ofs_y = 0}, /* 68 */
    {.bitmap_index = 1684, .adv_w = 144, .box_w = 9, .box_h = 14, .ofs_x = 0, .ofs_y = 0}, /* 69 */
    {.bitmap_index = 1716, .adv_w = 128, .box_w = 8, .box_h = 9, .ofs_x = 0, .ofs_y = 0}, /* 70 */
    {.bitmap_index = 1734, .adv_w = 80, .box_w = 6, .box_h = 14, .ofs_x = 0, .ofs_y = 0}, /* 71 */
    {.bitmap_index = 1755, .adv_w = 144, .box_w = 9, .box_h = 13, .ofs_x = 0, .ofs_y = -4}, /* 72 */
    {.bitmap_index = 1785, .adv_w = 128, .box_w = 8, .box_h = 13, .ofs_x = 0, .ofs_y = 0}, /* 73 */
    {.bitmap_index = 1811, .adv_w = 48, .box_w = 3, .box_h = 12, .ofs_x = 0, .ofs_y = 0}, /* 74 */
    {.bitmap_index = 1820, .adv_w = 48, .box_w = 4, .box_h = 16, .ofs_x = -1, .ofs_y = -4}, /* 75 */
    {.bitmap_index = 1836, .adv_w = 128, .box_w = 8, .box_h = 13, .ofs_x = 0, .ofs_y = 0}, /* 76 */
    {.bitmap_index = 1862, .adv_w = 64, .box_w = 4, .box_h = 14, .ofs_x = 0, .ofs_y = 0}, /* 77 */
    {.bitmap_index = 1876, .adv_w = 208, .box_w = 13, .box_h = 9, .ofs_x = 0, .ofs_y = 0}, /* 78 */
    {.bitmap_index = 1906, .adv_w = 128, .box_w = 8, .box_h = 9, .ofs_x = 0, .ofs_y = 0}, /* 79 */
    {.bitmap_index = 1924, .adv_w = 160, .box_w = 10, .box_h = 9, .ofs_x = 0, .ofs_y = 0}, /* 80 */
    {.bitmap_index = 1947, .adv_w = 144, .box_w = 9, .box_h = 13, .ofs_x = 0, .ofs_y = -4}, /* 81 */
    {.bitmap_index = 1977, .adv_w = 144, .box_w = 9, .box_h = 13, .ofs_x = 0, .ofs_y = -4}, /* 82 */
    {.bitmap_index = 2007, .adv_w = 80, .box_w = 6, .box_h = 9, .ofs_x = 0, .ofs_y = 0}, /* 83 */
    {.bitmap_index = 2021, .adv_w = 112, .box_w = 7, .box_h = 9, .ofs_x = 0, .ofs_y = 0}, /* 84 */
    {.bitmap_index = 2037, .adv_w = 96, .box_w = 6, .box_h = 12, .ofs_x = 0, .ofs_y = 0}, /* 85 */
    {.bitmap_index = 2055, .adv_w = 128, .box_w = 8, .box_h = 9, .ofs_x = 0, .ofs_y = 0}, /* 86 */
    {.bitmap_index = 2073, .adv_w = 112, .box_w = 8, .box_h = 9, .ofs_x = 0, .ofs_y = 0}, /* 87 */
    {.bitmap_index = 2091, .adv_w = 192, .box_w = 12, .box_h = 9, .ofs_x = 0, .ofs_y = 0}, /* 88 */
    {.bitmap_index = 2118, .adv_w = 112, .box_w = 7, .box_h = 9, .ofs_x = 0, .ofs_y = 0}, /* 89 */
    {.bitmap_index = 2134, .adv_w = 112, .box_w = 8, .box_h = 13, .ofs_x = 0, .ofs_y = -4}, /* 90 */
    {.bitmap_index = 2160, .adv_w = 128, .box_w = 8, .box_h = 9, .ofs_x = 0, .ofs_y = 0}, /* 91 */
    {.bitmap_index = 2178, .adv_w = 80, .box_w = 5, .box_h = 16, .ofs_x = 0, .ofs_y = -3}, /* 92 */
    {.bitmap_index = 2198, .adv_w = 48, .box_w = 3, .box_h = 19, .ofs_x = 0, .ofs_y = -5}, /* 93 */
    {.bitmap_index = 2213, .adv_w = 80, .box_w = 5, .box_h = 16, .ofs_x = 0, .ofs_y = -3}, /* 94 */
    {.bitmap_index = 2233, .adv_w = 128, .box_w = 8, .box_h = 8, .ofs_x = 0, .ofs_y = 0}, /* 95 */
    {.bitmap_index = 2249, .adv_w = 256, .box_w = 16, .box_h = 8, .ofs_x = 0, .ofs_y = 0}, /* 96 */
    {.bitmap_index = 2281, .adv_w = 224, .box_w = 14, .box_h = 5, .ofs_x = 0, .ofs_y = 0}, /* 97 */
    {.bitmap_index = 2299, .adv_w = 256, .box_w = 16, .box_h = 15, .ofs_x = 0, .ofs_y = 0}, /* 98 */
    {.bitmap_index = 2359, .adv_w = 256, .box_w = 16, .box_h = 14, .ofs_x = 0, .ofs_y = 0}, /* 99 */
    {.bitmap_index = 2415, .adv_w = 256, .box_w = 16, .box_h = 15, .ofs_x = 0, .ofs_y = 0}, /* 100 */
    {.bitmap_index = 2475, .adv_w = 256, .box_w = 16, .box_h = 14, .ofs_x = 0, .ofs_y = 0}, /* 101 */
    {.bitmap_index = 2531, .adv_w = 256, .box_w = 16, .box_h = 8, .ofs_x = 0, .ofs_y = 0}, /* 102 */
    {.bitmap_index = 2563, .adv_w = 256, .box_w = 16, .box_h = 11, .ofs_x = 0, .ofs_y = 0}, /* 103 */
    {.bitmap_index = 2607, .adv_w = 256, .box_w = 16, .box_h = 15, .ofs_x = 0, .ofs_y = -1}, /* 104 */
    {.bitmap_index = 2667, .adv_w = 256, .box_w = 16, .box_h = 11, .ofs_x = 0, .ofs_y = 0}, /* 105 */
    {.bitmap_index = 2711, .adv_w = 256, .box_w = 16, .box_h = 16, .ofs_x = 0, .ofs_y = -2}, /* 106 */
    {.bitmap_index = 2775, .adv_w = 256, .box_w = 16, .box_h = 5, .ofs_x = 0, .ofs_y = -1}, /* 107 */
    {.bitmap_index = 2795, .adv_w = 256, .box_w = 16, .box_h = 5, .ofs_x = 0, .ofs_y = -1}, /* 108 */
    {.bitmap_index = 2815, .adv_w = 256, .box_w = 16, .box_h = 16, .ofs_x = 0, .ofs_y = -2}, /* 109 */
    {.bitmap_index = 2879, .adv_w = 256, .box_w = 16, .box_h = 16, .ofs_x = 0, .ofs_y = -2}, /* 110 */
    {.bitmap_index = 2943, .adv_w = 256, .box_w = 16, .box_h = 16, .ofs_x = 0, .ofs_y = -2}, /* 111 */
    {.bitmap_index = 3007, .adv_w = 256, .box_w = 16, .box_h = 15, .ofs_x = 0, .ofs_y = -1}, /* 112 */
    {.bitmap_index = 3067, .adv_w = 256, .box_w = 16, .box_h = 7, .ofs_x = 0, .ofs_y = 0}, /* 113 */
    {.bitmap_index = 3095, .adv_w = 256, .box_w = 16, .box_h = 16, .ofs_x = 0, .ofs_y = -2}, /* 114 */
    {.bitmap_index = 3159, .adv_w = 256, .box_w = 16, .box_h = 14, .ofs_x = 0, .ofs_y = -1}, /* 115 */
    {.bitmap_index = 3215, .adv_w = 256, .box_w = 16, .box_h = 13, .ofs_x = 0, .ofs_y = -1}, /* 116 */
    {.bitmap_index = 3267, .adv_w = 256, .box_w = 16, .box_h = 16, .ofs_x = 0, .ofs_y = -2}, /* 117 */
    {.bitmap_index = 3331, .adv_w = 256, .box_w = 16, .box_h = 15, .ofs_x = 0, .ofs_y = -1}, /* 118 */
    {.bitmap_index = 3391, .adv_w = 256, .box_w = 16, .box_h = 15, .ofs_x = 0, .ofs_y = -1}, /* 119 */
    {.bitmap_index = 3451, .adv_w = 256, .box_w = 16, .box_h = 16, .ofs_x = 0, .ofs_y = -2}, /* 120 */
    {.bitmap_index = 3515, .adv_w = 256, .box_w = 16, .box_h = 15, .ofs_x = 0, .ofs_y = -1}, /* 121 */
    {.bitmap_index = 3575, .adv_w = 256, .box_w = 16, .box_h = 13, .ofs_x = 0, .ofs_y = -1}, /* 122 */
    {.bitmap_index = 3627, .adv_w = 256, .box_w = 16, .box_h = 14, .ofs_x = 0, .ofs_y = -1}, /* 123 */
    {.bitmap_index = 3683, .adv_w = 256, .box_w = 16, .box_h = 16, .ofs_x = 0, .ofs_y = -2}, /* 124 */
    {.bitmap_index = 3747, .adv_w = 256, .box_w = 16, .box_h = 15, .ofs_x = 0, .ofs_y = -1}, /* 125 */
    {.bitmap_index = 3807, .adv_w = 256, .box_w = 16, .box_h = 15, .ofs_x = 0, .ofs_y = -1}, /* 126 */
    {.bitmap_index = 3867, .adv_w = 256, .box_w = 16, .box_h = 15, .ofs_x = 0, .ofs_y = -1}, /* 127 */
    {.bitmap_index = 3927, .adv_w = 256, .box_w = 16, .box_h = 16, .ofs_x = 0, .ofs_y = -2}, /* 128 */
    {.bitmap_index = 3991, .adv_w = 256, .box_w = 16, .box_h = 15, .ofs_x = 0, .ofs_y = -1}, /* 129 */
    {.bitmap_index = 4051, .adv_w = 256, .box_w = 16, .box_h = 16, .ofs_x = 0, .ofs_y = -2}, /* 130 */
    {.bitmap_index = 4115, .adv_w = 256, .box_w = 16, .box_h = 16, .ofs_x = 0, .ofs_y = -2}, /* 131 */
    {.bitmap_index = 4179, .adv_w = 256, .box_w = 16, .box_h = 15, .ofs_x = 0, .ofs_y = -1}, /* 132 */
    {.bitmap_index = 4239, .adv_w = 256, .box_w = 16, .box_h = 16, .ofs_x = 0, .ofs_y = -2}, /* 133 */
    {.bitmap_index = 4303, .adv_w = 256, .box_w = 16, .box_h = 15, .ofs_x = 0, .ofs_y = -2}, /* 134 */
    {.bitmap_index = 4363, .adv_w = 256, .box_w = 16, .box_h = 15, .ofs_x = 0, .ofs_y = -1}, /* 135 */
    {.bitmap_index = 4423, .adv_w = 256, .box_w = 16, .box_h = 16, .ofs_x = 0, .ofs_y = -2}, /* 136 */
    {.bitmap_index = 4487, .adv_w = 256, .box_w = 16, .box_h = 15, .ofs_x = 0, .ofs_y = -1}, /* 137 */
    {.bitmap_index = 4547, .adv_w = 256, .box_w = 17, .box_h = 15, .ofs_x = 0, .ofs_y = -2}, /* 138 */
    {.bitmap_index = 4611, .adv_w = 256, .box_w = 16, .box_h = 15, .ofs_x = 0, .ofs_y = -1}, /* 139 */
    {.bitmap_index = 4671, .adv_w = 256, .box_w = 16, .box_h = 15, .ofs_x = 0, .ofs_y = -1}, /* 140 */
    {.bitmap_index = 4731, .adv_w = 256, .box_w = 16, .box_h = 15, .ofs_x = 0, .ofs_y = -2}, /* 141 */
    {.bitmap_index = 4791, .adv_w = 256, .box_w = 16, .box_h = 15, .ofs_x = 0, .ofs_y = -1}, /* 142 */
    {.bitmap_index = 4851, .adv_w = 256, .box_w = 16, .box_h = 16, .ofs_x = 0, .ofs_y = -2}, /* 143 */
    {.bitmap_index = 4915, .adv_w = 256, .box_w = 16, .box_h = 16, .ofs_x = 0, .ofs_y = -2}, /* 144 */
    {.bitmap_index = 4979, .adv_w = 256, .box_w = 16, .box_h = 16, .ofs_x = 0, .ofs_y = -2}, /* 145 */
    {.bitmap_index = 5043, .adv_w = 256, .box_w = 16, .box_h = 16, .ofs_x = 0, .ofs_y = -2}, /* 146 */
    {.bitmap_index = 5107, .adv_w = 256, .box_w = 16, .box_h = 16, .ofs_x = 0, .ofs_y = -2}, /* 147 */
    {.bitmap_index = 5171, .adv_w = 256, .box_w = 16, .box_h = 15, .ofs_x = 0, .ofs_y = -1}, /* 148 */
    {.bitmap_index = 5231, .adv_w = 256, .box_w = 16, .box_h = 14, .ofs_x = 0, .ofs_y = -1}, /* 149 */
    {.bitmap_index = 5287, .adv_w = 256, .box_w = 16, .box_h = 15, .ofs_x = 0, .ofs_y = -2}, /* 150 */
    {.bitmap_index = 5347, .adv_w = 256, .box_w = 16, .box_h = 13, .ofs_x = 0, .ofs_y = -1}, /* 151 */
    {.bitmap_index = 5399, .adv_w = 256, .box_w = 16, .box_h = 15, .ofs_x = 0, .ofs_y = -1}, /* 152 */
    {.bitmap_index = 5459, .adv_w = 256, .box_w = 16, .box_h = 16, .ofs_x = 0, .ofs_y = -2}, /* 153 */
    {.bitmap_index = 5523, .adv_w = 256, .box_w = 16, .box_h = 13, .ofs_x = 0, .ofs_y = -1}, /* 154 */
    {.bitmap_index = 5575, .adv_w = 256, .box_w = 16, .box_h = 14, .ofs_x = 0, .ofs_y = -2}, /* 155 */
    {.bitmap_index = 5631, .adv_w = 256, .box_w = 16, .box_h = 14, .ofs_x = 0, .ofs_y = -1}, /* 156 */
    {.bitmap_index = 5687, .adv_w = 256, .box_w = 16, .box_h = 16, .ofs_x = 0, .ofs_y = -2}, /* 157 */
    {.bitmap_index = 5751, .adv_w = 256, .box_w = 16, .box_h = 15, .ofs_x = 0, .ofs_y = -1}, /* 158 */
    {.bitmap_index = 5811, .adv_w = 256, .box_w = 16, .box_h = 16, .ofs_x = 0, .ofs_y = -2}, /* 159 */
    {.bitmap_index = 5875, .adv_w = 256, .box_w = 16, .box_h = 15, .ofs_x = 0, .ofs_y = -1}, /* 160 */
    {.bitmap_index = 5935, .adv_w = 256, .box_w = 16, .box_h = 16, .ofs_x = 0, .ofs_y = -2}, /* 161 */
    {.bitmap_index = 5999, .adv_w = 256, .box_w = 16, .box_h = 15, .ofs_x = 0, .ofs_y = -2}, /* 162 */
    {.bitmap_index = 6059, .adv_w = 256, .box_w = 16, .box_h = 16, .ofs_x = 0, .ofs_y = -2}, /* 163 */
    {.bitmap_index = 6123, .adv_w = 256, .box_w = 16, .box_h = 14, .ofs_x = 0, .ofs_y = -1}, /* 164 */
    {.bitmap_index = 6179, .adv_w = 256, .box_w = 16, .box_h = 14, .ofs_x = 0, .ofs_y = -1}, /* 165 */
    {.bitmap_index = 6235, .adv_w = 256, .box_w = 16, .box_h = 14, .ofs_x = 0, .ofs_y = -1}, /* 166 */
    {.bitmap_index = 6291, .adv_w = 256, .box_w = 16, .box_h = 14, .ofs_x = 0, .ofs_y = -1}, /* 167 */
    {.bitmap_index = 6347, .adv_w = 256, .box_w = 16, .box_h = 14, .ofs_x = 0, .ofs_y = -1}, /* 168 */
    {.bitmap_index = 6403, .adv_w = 256, .box_w = 16, .box_h = 15, .ofs_x = 0, .ofs_y = -1}, /* 169 */
    {.bitmap_index = 6463, .adv_w = 256, .box_w = 16, .box_h = 15, .ofs_x = 0, .ofs_y = -1}, /* 170 */
    {.bitmap_index = 6523, .adv_w = 256, .box_w = 16, .box_h = 15, .ofs_x = 0, .ofs_y = -1}, /* 171 */
    {.bitmap_index = 6583, .adv_w = 256, .box_w = 16, .box_h = 16, .ofs_x = 0, .ofs_y = -2}, /* 172 */
    {.bitmap_index = 6647, .adv_w = 256, .box_w = 16, .box_h = 15, .ofs_x = 0, .ofs_y = -1}, /* 173 */
    {.bitmap_index = 6707, .adv_w = 256, .box_w = 16, .box_h = 15, .ofs_x = 0, .ofs_y = -2}, /* 174 */
    {.bitmap_index = 6767, .adv_w = 256, .box_w = 16, .box_h = 16, .ofs_x = 0, .ofs_y = -2}, /* 175 */
    {.bitmap_index = 6831, .adv_w = 256, .box_w = 16, .box_h = 15, .ofs_x = 0, .ofs_y = -1}, /* 176 */
    {.bitmap_index = 6891, .adv_w = 256, .box_w = 16, .box_h = 15, .ofs_x = 0, .ofs_y = -1}, /* 177 */
    {.bitmap_index = 6951, .adv_w = 256, .box_w = 16, .box_h = 16, .ofs_x = 0, .ofs_y = -2}, /* 178 */
    {.bitmap_index = 7015, .adv_w = 256, .box_w = 16, .box_h = 16, .ofs_x = 0, .ofs_y = -2}, /* 179 */
    {.bitmap_index = 7079, .adv_w = 256, .box_w = 16, .box_h = 14, .ofs_x = 0, .ofs_y = -2}, /* 180 */
    {.bitmap_index = 7135, .adv_w = 256, .box_w = 16, .box_h = 15, .ofs_x = 0, .ofs_y = -1}, /* 181 */
    {.bitmap_index = 7195, .adv_w = 256, .box_w = 16, .box_h = 15, .ofs_x = 0, .ofs_y = -1}, /* 182 */
    {.bitmap_index = 7255, .adv_w = 256, .box_w = 16, .box_h = 15, .ofs_x = 0, .ofs_y = -1}, /* 183 */
    {.bitmap_index = 7315, .adv_w = 256, .box_w = 16, .box_h = 16, .ofs_x = 0, .ofs_y = -2}, /* 184 */
    {.bitmap_index = 7379, .adv_w = 256, .box_w = 16, .box_h = 16, .ofs_x = 0, .ofs_y = -2}, /* 185 */
    {.bitmap_index = 7443, .adv_w = 256, .box_w = 16, .box_h = 15, .ofs_x = 0, .ofs_y = -1}, /* 186 */
    {.bitmap_index = 7503, .adv_w = 256, .box_w = 16, .box_h = 16, .ofs_x = 0, .ofs_y = -2}, /* 187 */
    {.bitmap_index = 7567, .adv_w = 256, .box_w = 16, .box_h = 16, .ofs_x = 0, .ofs_y = -2}, /* 188 */
    {.bitmap_index = 7631, .adv_w = 256, .box_w = 16, .box_h = 15, .ofs_x = 0, .ofs_y = -1}, /* 189 */
    {.bitmap_index = 7691, .adv_w = 256, .box_w = 16, .box_h = 15, .ofs_x = 0, .ofs_y = -1}, /* 190 */
    {.bitmap_index = 7751, .adv_w = 256, .box_w = 16, .box_h = 15, .ofs_x = 0, .ofs_y = -1}, /* 191 */
    {.bitmap_index = 7811, .adv_w = 256, .box_w = 16, .box_h = 16, .ofs_x = 0, .ofs_y = -2}, /* 192 */
    {.bitmap_index = 7875, .adv_w = 256, .box_w = 16, .box_h = 16, .ofs_x = 0, .ofs_y = -2}, /* 193 */
    {.bitmap_index = 7939, .adv_w = 256, .box_w = 16, .box_h = 15, .ofs_x = 0, .ofs_y = -2}, /* 194 */
    {.bitmap_index = 7999, .adv_w = 256, .box_w = 16, .box_h = 14, .ofs_x = 0, .ofs_y = -1}, /* 195 */
    {.bitmap_index = 8055, .adv_w = 256, .box_w = 16, .box_h = 13, .ofs_x = 0, .ofs_y = -1}, /* 196 */
    {.bitmap_index = 8107, .adv_w = 256, .box_w = 16, .box_h = 14, .ofs_x = 0, .ofs_y = -1}, /* 197 */
    {.bitmap_index = 8163, .adv_w = 256, .box_w = 16, .box_h = 16, .ofs_x = 0, .ofs_y = -2}, /* 198 */
    {.bitmap_index = 8227, .adv_w = 256, .box_w = 16, .box_h = 16, .ofs_x = 0, .ofs_y = -2}, /* 199 */
    {.bitmap_index = 8291, .adv_w = 256, .box_w = 16, .box_h = 16, .ofs_x = 0, .ofs_y = -2}, /* 200 */
    {.bitmap_index = 8355, .adv_w = 256, .box_w = 16, .box_h = 15, .ofs_x = 0, .ofs_y = -2}, /* 201 */
    {.bitmap_index = 8415, .adv_w = 256, .box_w = 16, .box_h = 15, .ofs_x = 0, .ofs_y = -1}, /* 202 */
    {.bitmap_index = 8475, .adv_w = 256, .box_w = 16, .box_h = 15, .ofs_x = 0, .ofs_y = -2}, /* 203 */
    {.bitmap_index = 8535, .adv_w = 256, .box_w = 16, .box_h = 15, .ofs_x = 0, .ofs_y = -2}, /* 204 */
    {.bitmap_index = 8595, .adv_w = 256, .box_w = 16, .box_h = 16, .ofs_x = 0, .ofs_y = -2}, /* 205 */
    {.bitmap_index = 8659, .adv_w = 256, .box_w = 16, .box_h = 16, .ofs_x = 0, .ofs_y = -2}, /* 206 */
    {.bitmap_index = 8723, .adv_w = 256, .box_w = 16, .box_h = 14, .ofs_x = 0, .ofs_y = -1}, /* 207 */
    {.bitmap_index = 8779, .adv_w = 256, .box_w = 16, .box_h = 15, .ofs_x = 0, .ofs_y = -1}, /* 208 */
    {.bitmap_index = 8839, .adv_w = 256, .box_w = 16, .box_h = 15, .ofs_x = 0, .ofs_y = -1}, /* 209 */
    {.bitmap_index = 8899, .adv_w = 256, .box_w = 16, .box_h = 15, .ofs_x = 0, .ofs_y = -1}, /* 210 */
    {.bitmap_index = 8959, .adv_w = 256, .box_w = 16, .box_h = 16, .ofs_x = 0, .ofs_y = -2}, /* 211 */
    {.bitmap_index = 9023, .adv_w = 256, .box_w = 16, .box_h = 15, .ofs_x = 0, .ofs_y = -1}, /* 212 */
    {.bitmap_index = 9083, .adv_w = 256, .box_w = 16, .box_h = 16, .ofs_x = 0, .ofs_y = -2}, /* 213 */
    {.bitmap_index = 9147, .adv_w = 256, .box_w = 16, .box_h = 15, .ofs_x = 0, .ofs_y = -1}, /* 214 */
    {.bitmap_index = 9207, .adv_w = 256, .box_w = 16, .box_h = 15, .ofs_x = 0, .ofs_y = -1}, /* 215 */
    {.bitmap_index = 9267, .adv_w = 256, .box_w = 16, .box_h = 16, .ofs_x = 0, .ofs_y = -2}, /* 216 */
    {.bitmap_index = 9331, .adv_w = 256, .box_w = 16, .box_h = 16, .ofs_x = 0, .ofs_y = -2}, /* 217 */
    {.bitmap_index = 9395, .adv_w = 256, .box_w = 16, .box_h = 16, .ofs_x = 0, .ofs_y = -2}, /* 218 */
    {.bitmap_index = 9459, .adv_w = 256, .box_w = 16, .box_h = 16, .ofs_x = 0, .ofs_y = -2}, /* 219 */
    {.bitmap_index = 9523, .adv_w = 256, .box_w = 16, .box_h = 16, .ofs_x = 0, .ofs_y = -2}, /* 220 */
    {.bitmap_index = 9587, .adv_w = 256, .box_w = 16, .box_h = 16, .ofs_x = 0, .ofs_y = -2}, /* 221 */
    {.bitmap_index = 9651, .adv_w = 256, .box_w = 16, .box_h = 16, .ofs_x = 0, .ofs_y = -2}, /* 222 */
    {.bitmap_index = 9715, .adv_w = 256, .box_w = 16, .box_h = 16, .ofs_x = 0, .ofs_y = -2}, /* 223 */
    {.bitmap_index = 9779, .adv_w = 256, .box_w = 16, .box_h = 15, .ofs_x = 0, .ofs_y = -2}, /* 224 */
    {.bitmap_index = 9839, .adv_w = 256, .box_w = 16, .box_h = 15, .ofs_x = 0, .ofs_y = -1}, /* 225 */
    {.bitmap_index = 9899, .adv_w = 256, .box_w = 16, .box_h = 14, .ofs_x = 0, .ofs_y = -1}, /* 226 */
    {.bitmap_index = 9955, .adv_w = 256, .box_w = 16, .box_h = 15, .ofs_x = 0, .ofs_y = -2}, /* 227 */
    {.bitmap_index = 10015, .adv_w = 256, .box_w = 16, .box_h = 15, .ofs_x = 0, .ofs_y = -1}, /* 228 */
    {.bitmap_index = 10075, .adv_w = 256, .box_w = 16, .box_h = 15, .ofs_x = 0, .ofs_y = -1}, /* 229 */
    {.bitmap_index = 10135, .adv_w = 256, .box_w = 16, .box_h = 15, .ofs_x = 0, .ofs_y = -1}, /* 230 */
    {.bitmap_index = 10195, .adv_w = 256, .box_w = 16, .box_h = 15, .ofs_x = 0, .ofs_y = -1}, /* 231 */
    {.bitmap_index = 10255, .adv_w = 256, .box_w = 16, .box_h = 16, .ofs_x = 0, .ofs_y = -2}, /* 232 */
    {.bitmap_index = 10319, .adv_w = 256, .box_w = 16, .box_h = 15, .ofs_x = 0, .ofs_y = -1}, /* 233 */
    {.bitmap_index = 10379, .adv_w = 256, .box_w = 16, .box_h = 15, .ofs_x = 0, .ofs_y = -1}, /* 234 */
    {.bitmap_index = 10439, .adv_w = 256, .box_w = 16, .box_h = 16, .ofs_x = 0, .ofs_y = -2}, /* 235 */
    {.bitmap_index = 10503, .adv_w = 256, .box_w = 16, .box_h = 15, .ofs_x = 0, .ofs_y = -1}, /* 236 */
    {.bitmap_index = 10563, .adv_w = 256, .box_w = 16, .box_h = 16, .ofs_x = 0, .ofs_y = -2}, /* 237 */
    {.bitmap_index = 10627, .adv_w = 256, .box_w = 16, .box_h = 15, .ofs_x = 0, .ofs_y = -1}, /* 238 */
    {.bitmap_index = 10687, .adv_w = 256, .box_w = 16, .box_h = 15, .ofs_x = 0, .ofs_y = -1}, /* 239 */
    {.bitmap_index = 10747, .adv_w = 256, .box_w = 16, .box_h = 15, .ofs_x = 0, .ofs_y = -1}, /* 240 */
    {.bitmap_index = 10807, .adv_w = 256, .box_w = 16, .box_h = 15, .ofs_x = 0, .ofs_y = -1}, /* 241 */
    {.bitmap_index = 10867, .adv_w = 256, .box_w = 16, .box_h = 16, .ofs_x = 0, .ofs_y = -2}, /* 242 */
    {.bitmap_index = 10931, .adv_w = 256, .box_w = 16, .box_h = 15, .ofs_x = 0, .ofs_y = -1}, /* 243 */
    {.bitmap_index = 10991, .adv_w = 256, .box_w = 16, .box_h = 16, .ofs_x = 0, .ofs_y = -2}, /* 244 */
    {.bitmap_index = 11055, .adv_w = 256, .box_w = 16, .box_h = 15, .ofs_x = 0, .ofs_y = -1}, /* 245 */
    {.bitmap_index = 11115, .adv_w = 256, .box_w = 16, .box_h = 16, .ofs_x = 0, .ofs_y = -2}, /* 246 */
    {.bitmap_index = 11179, .adv_w = 256, .box_w = 16, .box_h = 16, .ofs_x = 0, .ofs_y = -2}, /* 247 */
    {.bitmap_index = 11243, .adv_w = 256, .box_w = 17, .box_h = 16, .ofs_x = 0, .ofs_y = -2}, /* 248 */
    {.bitmap_index = 11311, .adv_w = 256, .box_w = 16, .box_h = 16, .ofs_x = 0, .ofs_y = -2}, /* 249 */
    {.bitmap_index = 11375, .adv_w = 256, .box_w = 16, .box_h = 15, .ofs_x = 0, .ofs_y = -2}, /* 250 */
    {.bitmap_index = 11435, .adv_w = 256, .box_w = 16, .box_h = 15, .ofs_x = 0, .ofs_y = -1}, /* 251 */
    {.bitmap_index = 11495, .adv_w = 256, .box_w = 16, .box_h = 15, .ofs_x = 0, .ofs_y = -2}, /* 252 */
    {.bitmap_index = 11555, .adv_w = 256, .box_w = 16, .box_h = 15, .ofs_x = 0, .ofs_y = -1}, /* 253 */
    {.bitmap_index = 11615, .adv_w = 256, .box_w = 16, .box_h = 16, .ofs_x = 0, .ofs_y = -2}, /* 254 */
    {.bitmap_index = 11679, .adv_w = 256, .box_w = 16, .box_h = 16, .ofs_x = 0, .ofs_y = -2}, /* 255 */
    {.bitmap_index = 11743, .adv_w = 256, .box_w = 16, .box_h = 15, .ofs_x = 0, .ofs_y = -1}, /* 256 */
    {.bitmap_index = 11803, .adv_w = 256, .box_w = 16, .box_h = 16, .ofs_x = 0, .ofs_y = -2}, /* 257 */
    {.bitmap_index = 11867, .adv_w = 256, .box_w = 16, .box_h = 16, .ofs_x = 0, .ofs_y = -2}, /* 258 */
    {.bitmap_index = 11931, .adv_w = 256, .box_w = 16, .box_h = 15, .ofs_x = 0, .ofs_y = -2}, /* 259 */
    {.bitmap_index = 11991, .adv_w = 256, .box_w = 16, .box_h = 15, .ofs_x = 0, .ofs_y = -2}, /* 260 */
    {.bitmap_index = 12051, .adv_w = 256, .box_w = 16, .box_h = 16, .ofs_x = 0, .ofs_y = -2}, /* 261 */
    {.bitmap_index = 12115, .adv_w = 256, .box_w = 16, .box_h = 14, .ofs_x = 0, .ofs_y = -1}, /* 262 */
    {.bitmap_index = 12171, .adv_w = 256, .box_w = 16, .box_h = 15, .ofs_x = 0, .ofs_y = -1}, /* 263 */
    {.bitmap_index = 12231, .adv_w = 256, .box_w = 16, .box_h = 16, .ofs_x = 0, .ofs_y = -2}, /* 264 */
    {.bitmap_index = 12295, .adv_w = 256, .box_w = 16, .box_h = 13, .ofs_x = 0, .ofs_y = -1}, /* 265 */
    {.bitmap_index = 12347, .adv_w = 256, .box_w = 16, .box_h = 15, .ofs_x = 0, .ofs_y = -1}, /* 266 */
    {.bitmap_index = 12407, .adv_w = 256, .box_w = 16, .box_h = 15, .ofs_x = 0, .ofs_y = -1}, /* 267 */
    {.bitmap_index = 12467, .adv_w = 256, .box_w = 16, .box_h = 15, .ofs_x = 0, .ofs_y = -2}, /* 268 */
    {.bitmap_index = 12527, .adv_w = 256, .box_w = 16, .box_h = 16, .ofs_x = 0, .ofs_y = -2}, /* 269 */
    {.bitmap_index = 12591, .adv_w = 256, .box_w = 16, .box_h = 15, .ofs_x = 0, .ofs_y = -1}, /* 270 */
    {.bitmap_index = 12651, .adv_w = 256, .box_w = 16, .box_h = 14, .ofs_x = 0, .ofs_y = 0}, /* 271 */
    {.bitmap_index = 12707, .adv_w = 256, .box_w = 16, .box_h = 16, .ofs_x = 0, .ofs_y = -2}, /* 272 */
    {.bitmap_index = 12771, .adv_w = 256, .box_w = 16, .box_h = 16, .ofs_x = 0, .ofs_y = -2}, /* 273 */
    {.bitmap_index = 12835, .adv_w = 256, .box_w = 16, .box_h = 16, .ofs_x = 0, .ofs_y = -2}, /* 274 */
    {.bitmap_index = 12899, .adv_w = 256, .box_w = 16, .box_h = 16, .ofs_x = 0, .ofs_y = -2}, /* 275 */
    {.bitmap_index = 12963, .adv_w = 256, .box_w = 16, .box_h = 14, .ofs_x = 0, .ofs_y = -1}, /* 276 */
    {.bitmap_index = 13019, .adv_w = 256, .box_w = 16, .box_h = 15, .ofs_x = 0, .ofs_y = -2}, /* 277 */
    {.bitmap_index = 13079, .adv_w = 256, .box_w = 16, .box_h = 15, .ofs_x = 0, .ofs_y = -1}, /* 278 */
    {.bitmap_index = 13139, .adv_w = 256, .box_w = 16, .box_h = 16, .ofs_x = 0, .ofs_y = -2}, /* 279 */
    {.bitmap_index = 13203, .adv_w = 256, .box_w = 16, .box_h = 15, .ofs_x = 0, .ofs_y = -1}, /* 280 */
    {.bitmap_index = 13263, .adv_w = 256, .box_w = 16, .box_h = 15, .ofs_x = 0, .ofs_y = -1}, /* 281 */
    {.bitmap_index = 13323, .adv_w = 256, .box_w = 16, .box_h = 15, .ofs_x = 0, .ofs_y = -1}, /* 282 */
    {.bitmap_index = 13383, .adv_w = 256, .box_w = 16, .box_h = 16, .ofs_x = 0, .ofs_y = -2}, /* 283 */
    {.bitmap_index = 13447, .adv_w = 256, .box_w = 16, .box_h = 14, .ofs_x = 0, .ofs_y = -1}, /* 284 */
    {.bitmap_index = 13503, .adv_w = 256, .box_w = 16, .box_h = 15, .ofs_x = 0, .ofs_y = -2}, /* 285 */
    {.bitmap_index = 13563, .adv_w = 256, .box_w = 16, .box_h = 16, .ofs_x = 0, .ofs_y = -2}, /* 286 */
    {.bitmap_index = 13627, .adv_w = 256, .box_w = 16, .box_h = 15, .ofs_x = 0, .ofs_y = -1}, /* 287 */
    {.bitmap_index = 13687, .adv_w = 256, .box_w = 16, .box_h = 16, .ofs_x = 0, .ofs_y = -2}, /* 288 */
    {.bitmap_index = 13751, .adv_w = 256, .box_w = 16, .box_h = 16, .ofs_x = 0, .ofs_y = -2}, /* 289 */
    {.bitmap_index = 13815, .adv_w = 256, .box_w = 16, .box_h = 16, .ofs_x = 0, .ofs_y = -2}, /* 290 */
    {.bitmap_index = 13879, .adv_w = 256, .box_w = 16, .box_h = 16, .ofs_x = 0, .ofs_y = -2}, /* 291 */
    {.bitmap_index = 13943, .adv_w = 256, .box_w = 16, .box_h = 16, .ofs_x = 0, .ofs_y = -2}, /* 292 */
    {.bitmap_index = 14007, .adv_w = 256, .box_w = 16, .box_h = 16, .ofs_x = 0, .ofs_y = -2}, /* 293 */
    {.bitmap_index = 14071, .adv_w = 256, .box_w = 16, .box_h = 16, .ofs_x = 0, .ofs_y = -2}, /* 294 */
    {.bitmap_index = 14135, .adv_w = 256, .box_w = 16, .box_h = 15, .ofs_x = 0, .ofs_y = -2}, /* 295 */
    {.bitmap_index = 14195, .adv_w = 256, .box_w = 16, .box_h = 15, .ofs_x = 0, .ofs_y = -2}, /* 296 */
    {.bitmap_index = 14255, .adv_w = 256, .box_w = 16, .box_h = 15, .ofs_x = 0, .ofs_y = -1}, /* 297 */
    {.bitmap_index = 14315, .adv_w = 256, .box_w = 16, .box_h = 14, .ofs_x = 0, .ofs_y = -1}, /* 298 */
    {.bitmap_index = 14371, .adv_w = 256, .box_w = 16, .box_h = 14, .ofs_x = 0, .ofs_y = -1}, /* 299 */
    {.bitmap_index = 14427, .adv_w = 256, .box_w = 16, .box_h = 14, .ofs_x = 0, .ofs_y = -1}, /* 300 */
    {.bitmap_index = 14483, .adv_w = 256, .box_w = 16, .box_h = 14, .ofs_x = 0, .ofs_y = -1}, /* 301 */
    {.bitmap_index = 14539, .adv_w = 256, .box_w = 16, .box_h = 14, .ofs_x = 0, .ofs_y = -1}, /* 302 */
    {.bitmap_index = 14595, .adv_w = 256, .box_w = 16, .box_h = 14, .ofs_x = 0, .ofs_y = -1}, /* 303 */
    {.bitmap_index = 14651, .adv_w = 256, .box_w = 16, .box_h = 16, .ofs_x = 0, .ofs_y = -2}, /* 304 */
    {.bitmap_index = 14715, .adv_w = 256, .box_w = 16, .box_h = 14, .ofs_x = 0, .ofs_y = -1}, /* 305 */
    {.bitmap_index = 14771, .adv_w = 256, .box_w = 16, .box_h = 15, .ofs_x = 0, .ofs_y = -1}, /* 306 */
    {.bitmap_index = 14831, .adv_w = 256, .box_w = 16, .box_h = 16, .ofs_x = 0, .ofs_y = -2}, /* 307 */
    {.bitmap_index = 14895, .adv_w = 256, .box_w = 16, .box_h = 16, .ofs_x = 0, .ofs_y = -2}, /* 308 */
    {.bitmap_index = 14959, .adv_w = 256, .box_w = 16, .box_h = 16, .ofs_x = 0, .ofs_y = -2}, /* 309 */
    {.bitmap_index = 15023, .adv_w = 256, .box_w = 16, .box_h = 15, .ofs_x = 0, .ofs_y = -1}, /* 310 */
    {.bitmap_index = 15083, .adv_w = 256, .box_w = 16, .box_h = 15, .ofs_x = 0, .ofs_y = -2}, /* 311 */
    {.bitmap_index = 15143, .adv_w = 256, .box_w = 16, .box_h = 15, .ofs_x = 0, .ofs_y = -1}, /* 312 */
    {.bitmap_index = 15203, .adv_w = 256, .box_w = 16, .box_h = 16, .ofs_x = 0, .ofs_y = -2}, /* 313 */
    {.bitmap_index = 15267, .adv_w = 256, .box_w = 16, .box_h = 16, .ofs_x = 0, .ofs_y = -2}, /* 314 */
    {.bitmap_index = 15331, .adv_w = 256, .box_w = 16, .box_h = 16, .ofs_x = 0, .ofs_y = -2}, /* 315 */
    {.bitmap_index = 15395, .adv_w = 256, .box_w = 16, .box_h = 15, .ofs_x = 0, .ofs_y = -2}, /* 316 */
    {.bitmap_index = 15455, .adv_w = 256, .box_w = 16, .box_h = 15, .ofs_x = 0, .ofs_y = -1}, /* 317 */
    {.bitmap_index = 15515, .adv_w = 256, .box_w = 16, .box_h = 13, .ofs_x = 0, .ofs_y = -1}, /* 318 */
    {.bitmap_index = 15567, .adv_w = 256, .box_w = 16, .box_h = 16, .ofs_x = 0, .ofs_y = -2}, /* 319 */
    {.bitmap_index = 15631, .adv_w = 256, .box_w = 16, .box_h = 15, .ofs_x = 0, .ofs_y = -2}, /* 320 */
    {.bitmap_index = 15691, .adv_w = 256, .box_w = 16, .box_h = 16, .ofs_x = 0, .ofs_y = -2}, /* 321 */
    {.bitmap_index = 15755, .adv_w = 256, .box_w = 16, .box_h = 16, .ofs_x = 0, .ofs_y = -2}, /* 322 */
    {.bitmap_index = 15819, .adv_w = 256, .box_w = 16, .box_h = 16, .ofs_x = 0, .ofs_y = -2}, /* 323 */
    {.bitmap_index = 15883, .adv_w = 256, .box_w = 16, .box_h = 16, .ofs_x = 0, .ofs_y = -2}, /* 324 */
    {.bitmap_index = 15947, .adv_w = 256, .box_w = 16, .box_h = 12, .ofs_x = 0, .ofs_y = 0}, /* 325 */
    {.bitmap_index = 15995, .adv_w = 256, .box_w = 16, .box_h = 16, .ofs_x = 0, .ofs_y = -2}, /* 326 */
    {.bitmap_index = 16059, .adv_w = 256, .box_w = 16, .box_h = 16, .ofs_x = 0, .ofs_y = -2}, /* 327 */
    {.bitmap_index = 16123, .adv_w = 256, .box_w = 16, .box_h = 6, .ofs_x = 0, .ofs_y = -2}, /* 328 */
    {.bitmap_index = 16147, .adv_w = 256, .box_w = 16, .box_h = 12, .ofs_x = 0, .ofs_y = 0}, /* 329 */
    {.bitmap_index = 16195, .adv_w = 256, .box_w = 16, .box_h = 12, .ofs_x = 0, .ofs_y = 0}, /* 330 */
    {.bitmap_index = 16243, .adv_w = 256, .box_w = 16, .box_h = 12, .ofs_x = 0, .ofs_y = 0}, /* 331 */
    {.bitmap_index = 16291, .adv_w = 256, .box_w = 16, .box_h = 12, .ofs_x = 0, .ofs_y = 0}, /* 332 */
    {.bitmap_index = 16339, .adv_w = 256, .box_w = 16, .box_h = 13, .ofs_x = 0, .ofs_y = -1}, /* 333 */
    {.bitmap_index = 16391, .adv_w = 256, .box_w = 16, .box_h = 12, .ofs_x = 0, .ofs_y = 0}, /* 334 */
    {.bitmap_index = 16439, .adv_w = 256, .box_w = 16, .box_h = 12, .ofs_x = 0, .ofs_y = 0}, /* 335 */
    {.bitmap_index = 16487, .adv_w = 256, .box_w = 16, .box_h = 13, .ofs_x = 0, .ofs_y = -1}, /* 336 */
    {.bitmap_index = 16539, .adv_w = 256, .box_w = 16, .box_h = 12, .ofs_x = 0, .ofs_y = 0}, /* 337 */
    {.bitmap_index = 16587, .adv_w = 256, .box_w = 16, .box_h = 12, .ofs_x = 0, .ofs_y = 0}, /* 338 */
    {.bitmap_index = 16635, .adv_w = 256, .box_w = 16, .box_h = 10, .ofs_x = 0, .ofs_y = 0}, /* 339 */
    {.bitmap_index = 16675, .adv_w = 256, .box_w = 16, .box_h = 13, .ofs_x = 0, .ofs_y = -3}, /* 340 */
    {.bitmap_index = 16727, .adv_w = 256, .box_w = 16, .box_h = 12, .ofs_x = 0, .ofs_y = 0}, /* 341 */
    {.bitmap_index = 16775, .adv_w = 256, .box_w = 16, .box_h = 12, .ofs_x = 0, .ofs_y = 0}, /* 342 */
};

/* Codepoints are sparse, so offsets are listed explicitly. */
static const uint16_t unicode_list_extra_0[] = {
    0x0000, 0x1F5D, 0x1F61, 0x1F62, 0x1F65, 0x1F66, 0x1F6F, 0x20D9, 0x20DA, 0x20DB, 0x20DC, 0x2F4A,
    0x2F4B, 0x2F53, 0x2F54, 0x2F59, 0x2F5A, 0x4D49, 0x4D53, 0x4D54, 0x4D56, 0x4D65, 0x4D76, 0x4D7B,
    0x4D84, 0x4DA8, 0x4DCF, 0x4DDB, 0x4DED, 0x4DFB, 0x4E44, 0x4E5A, 0x4E63, 0x4E7D, 0x4EA9, 0x4EC8,
    0x4F26, 0x4FA5, 0x50AE, 0x50BD, 0x50C4, 0x50CE, 0x50D6, 0x50FB, 0x510F, 0x514F, 0x5164, 0x5166,
    0x5180, 0x5196, 0x51EA, 0x51F1, 0x525F, 0x5283, 0x52CF, 0x52E8, 0x5314, 0x5321, 0x532C, 0x5333,
    0x5338, 0x533B, 0x534C, 0x5378, 0x546D, 0x54AF, 0x54CB, 0x5561, 0x55B1, 0x5627, 0x5629, 0x5639,
    0x5651, 0x5671, 0x5679, 0x574F, 0x5856, 0x585F, 0x5872, 0x587A, 0x5890, 0x5894, 0x58C6, 0x5914,
    0x5A99, 0x5AA0, 0x5AA1, 0x5ACC, 0x5AD2, 0x5AE3, 0x5AE9, 0x5AFF, 0x5B0B, 0x5B0F, 0x5B27, 0x5B4F,
    0x5B58, 0x5B7A, 0x5B86, 0x5B98, 0x5D3B, 0x5DBC, 0x5DDD, 0x5DEF, 0x5E43, 0x5E49, 0x5E58, 0x5E69,
    0x5E9E, 0x5ECE, 0x5EE0, 0x5F0C, 0x5F46, 0x5F4A, 0x5F84, 0x5FAB, 0x5FD2, 0x600E, 0x603C, 0x6058,
    0x619C, 0x6252, 0x6263, 0x62EE, 0x6401, 0x642F, 0x6491, 0x64F9, 0x6529, 0x653F, 0x6587, 0x663D,
    0x6652, 0x6664, 0x6673, 0x6675, 0x6683, 0x66FF, 0x672E, 0x676A, 0x6780, 0x6785, 0x6791, 0x6795,
    0x67AC, 0x6809, 0x6A6A, 0x6AAB, 0x6BEA, 0x6C1E, 0x7002, 0x70E8, 0x71F8, 0x71FF, 0x72F2, 0x7468,
    0x7471, 0x747E, 0x7495, 0x74AE, 0x75CD, 0x75F7, 0x7642, 0x7669, 0x7685, 0x7689, 0x76AA, 0x7736,
    0x77B7, 0x7883, 0x79C3, 0x7A92, 0x7C70, 0x7DF0, 0x7E08, 0x7E30, 0x7E33, 0x7E36, 0x7E5C, 0x7E72,
    0x7EB7, 0x7F56, 0x7F60, 0x7FE3, 0x8133, 0x81CB, 0x8795, 0x87F4, 0x88C8, 0x88CA, 0x8912, 0x8AEA,
    0x8B07, 0x8B1E, 0x8B4C, 0x8C6E, 0x8CCE, 0x8DF4, 0x8EB5, 0x8F02, 0x8F19, 0x8F1A, 0x8F1D, 0x8F24,
    0x8F49, 0x9096, 0x90DB, 0x9110, 0x9116, 0x9118, 0x93E8, 0x9462, 0x9477, 0x94C8, 0x953D, 0x9595,
    0x9596, 0x95AD, 0x95B3, 0x95D8, 0x9649, 0x96A2, 0x96AB, 0x973C, 0x97BE, 0x97CF, 0x97DA, 0x9828,
    0x98C8, 0xFE4A, 0xFE51, 0xFE52, 0xFE55, 0xFE59, 0xFE5A, 0xFE5B, 0xFE5C, 0xFE5D, 0xFE5E, 0xFE5F,
    0xFE60, 0xFE61, 0xFE62, 0xFE63, 0xFE64, 0xFE68, 0xFF2E,
};

static const lv_font_fmt_txt_cmap_t cmaps[] = {
    {
        .range_start = 32, .range_length = 95, .glyph_id_start = 1,
        .unicode_list = NULL, .glyph_id_ofs_list = NULL, .list_length = 0,
        .type = LV_FONT_FMT_TXT_CMAP_FORMAT0_TINY
    },
    {
        .range_start = 183, .range_length = 65327, .glyph_id_start = 96,
        .unicode_list = unicode_list_extra_0, .glyph_id_ofs_list = NULL, .list_length = 247,
        .type = LV_FONT_FMT_TXT_CMAP_SPARSE_TINY
    },
};

static const lv_font_fmt_txt_dsc_t font_dsc = {
    .glyph_bitmap = glyph_bitmap,
    .glyph_dsc = glyph_dsc,
    .cmaps = cmaps,
    .kern_dsc = NULL,
    .kern_scale = 0,
    .cmap_num = 2,
    .bpp = 2,
    .kern_classes = 0,
    .bitmap_format = 0,
};

const lv_font_t lv_font_pet_16 = {
    .get_glyph_dsc = lv_font_get_glyph_dsc_fmt_txt,
    .get_glyph_bitmap = lv_font_get_bitmap_fmt_txt,
    .line_height = 20,
    .base_line = 4,
    .subpx = LV_FONT_SUBPX_NONE,
    .underline_position = -2,
    .underline_thickness = 1,
    .dsc = &font_dsc,
    .fallback = NULL,
    .user_data = NULL,
};
